Fold,SVM-Accuracy,SVM-F1,KNN-Accuracy,KNN-F1,DT-Accuracy,DT-F1,RF-Accuracy,RF-F1,MLP-Accuracy,MLP-F1,No. Selected Features,Features Name,FS/DS Parameters (SVM),FS/DS Parameters (KNN),FS/DS Parameters (DT),FS/DS Parameters (RF),FS/DS Parameters (MLP)
1,0.9677,0.9511,0.9771,0.9647,1.0000,1.0000,0.9990,0.9987,0.9802,0.9745,13,"F17, F10, F1, F13, F18, F11, F5, F20, F14, F15, F12, F16, F2","{'C': 10, 'gamma': 'auto', 'kernel': 'rbf'}","{'n_neighbors': 3, 'weights': 'distance'}","{'max_depth': None, 'min_samples_split': 2}","{'max_depth': None, 'min_samples_split': 2, 'n_estimators': 100}","{'alpha': 0.001, 'hidden_layer_sizes': (100, 50), 'learning_rate_init': 0.001}"
2,0.9781,0.7170,0.9833,0.7139,1.0000,1.0000,1.0000,1.0000,0.9937,0.9835,13,"F17, F10, F1, F13, F18, F11, F5, F14, F20, F15, F12, F16, F2","{'C': 10, 'gamma': 'scale', 'kernel': 'rbf'}","{'n_neighbors': 3, 'weights': 'distance'}","{'max_depth': None, 'min_samples_split': 2}","{'max_depth': None, 'min_samples_split': 2, 'n_estimators': 100}","{'alpha': 0.001, 'hidden_layer_sizes': (100, 50), 'learning_rate_init': 0.001}"
3,0.9771,0.8973,0.9896,0.7380,1.0000,1.0000,1.0000,1.0000,0.9958,0.9875,13,"F17, F10, F1, F13, F18, F11, F5, F14, F15, F20, F12, F16, F2","{'C': 10, 'gamma': 'scale', 'kernel': 'rbf'}","{'n_neighbors': 3, 'weights': 'distance'}","{'max_depth': None, 'min_samples_split': 2}","{'max_depth': None, 'min_samples_split': 2, 'n_estimators': 100}","{'alpha': 0.0001, 'hidden_layer_sizes': (50,), 'learning_rate_init': 0.01}"
4,0.9770,0.9625,0.9864,0.9718,1.0000,1.0000,1.0000,1.0000,0.9937,0.9904,13,"F17, F10, F1, F13, F18, F11, F5, F14, F15, F20, F12, F16, F2","{'C': 10, 'gamma': 'auto', 'kernel': 'rbf'}","{'n_neighbors': 3, 'weights': 'distance'}","{'max_depth': None, 'min_samples_split': 2}","{'max_depth': 20, 'min_samples_split': 2, 'n_estimators': 100}","{'alpha': 0.0001, 'hidden_layer_sizes': (100, 50), 'learning_rate_init': 0.001}"
5,0.9645,0.9454,0.9875,0.9765,1.0000,1.0000,1.0000,1.0000,0.9791,0.9677,13,"F17, F10, F1, F13, F18, F11, F5, F14, F20, F15, F12, F16, F2","{'C': 10, 'gamma': 'scale', 'kernel': 'rbf'}","{'n_neighbors': 3, 'weights': 'distance'}","{'max_depth': None, 'min_samples_split': 2}","{'max_depth': 20, 'min_samples_split': 5, 'n_estimators': 200}","{'alpha': 0.0001, 'hidden_layer_sizes': (100,), 'learning_rate_init': 0.001}"
6,0.9718,0.7136,0.9823,0.7201,1.0000,1.0000,1.0000,1.0000,0.9875,0.9808,13,"F17, F10, F1, F13, F18, F11, F5, F14, F20, F15, F12, F16, F2","{'C': 10, 'gamma': 'scale', 'kernel': 'rbf'}","{'n_neighbors': 3, 'weights': 'distance'}","{'max_depth': None, 'min_samples_split': 2}","{'max_depth': None, 'min_samples_split': 2, 'n_estimators': 100}","{'alpha': 0.001, 'hidden_layer_sizes': (100, 50), 'learning_rate_init': 0.001}"
7,0.9708,0.7071,0.9812,0.7149,1.0000,1.0000,1.0000,1.0000,0.9906,0.7302,13,"F17, F10, F1, F13, F18, F11, F5, F14, F15, F20, F12, F16, F2","{'C': 10, 'gamma': 'scale', 'kernel': 'rbf'}","{'n_neighbors': 3, 'weights': 'distance'}","{'max_depth': None, 'min_samples_split': 2}","{'max_depth': None, 'min_samples_split': 2, 'n_estimators': 200}","{'alpha': 0.001, 'hidden_layer_sizes': (100, 50), 'learning_rate_init': 0.001}"
8,0.9635,0.9409,0.9843,0.9625,1.0000,1.0000,0.9990,0.9988,0.9937,0.9862,13,"F17, F10, F1, F13, F18, F11, F5, F14, F15, F20, F12, F16, F2","{'C': 10, 'gamma': 'scale', 'kernel': 'rbf'}","{'n_neighbors': 3, 'weights': 'distance'}","{'max_depth': None, 'min_samples_split': 2}","{'max_depth': 20, 'min_samples_split': 2, 'n_estimators': 100}","{'alpha': 0.0001, 'hidden_layer_sizes': (100, 50), 'learning_rate_init': 0.001}"
9,0.9823,0.9764,0.9906,0.9882,1.0000,1.0000,1.0000,1.0000,0.9927,0.9907,13,"F17, F10, F1, F13, F18, F11, F5, F20, F14, F15, F12, F16, F2","{'C': 10, 'gamma': 'auto', 'kernel': 'rbf'}","{'n_neighbors': 3, 'weights': 'distance'}","{'max_depth': None, 'min_samples_split': 2}","{'max_depth': 20, 'min_samples_split': 2, 'n_estimators': 100}","{'alpha': 0.0001, 'hidden_layer_sizes': (100, 50), 'learning_rate_init': 0.001}"
10,0.9770,0.9748,0.9916,0.7362,1.0000,1.0000,1.0000,1.0000,0.9990,0.9989,13,"F17, F10, F1, F13, F18, F11, F5, F14, F15, F20, F12, F16, F2","{'C': 10, 'gamma': 'scale', 'kernel': 'rbf'}","{'n_neighbors': 3, 'weights': 'distance'}","{'max_depth': None, 'min_samples_split': 2}","{'max_depth': 20, 'min_samples_split': 5, 'n_estimators': 200}","{'alpha': 0.0001, 'hidden_layer_sizes': (100, 50), 'learning_rate_init': 0.001}"
1,0.8956,0.3889,0.8956,0.3892,0.8968,0.3998,0.8968,0.3998,0.8968,0.3990,20,"F7, F20, F241, F104, F82, F97, F240, F150, F47, F251, F213, F146, F265, F199, F252, F102, F206, F186, F172, F40","{'C': 10, 'gamma': 'auto', 'kernel': 'rbf'}","{'n_neighbors': 9, 'weights': 'distance'}","{'max_depth': None, 'min_samples_split': 2}","{'max_depth': None, 'min_samples_split': 5, 'n_estimators': 100}","{'alpha': 0.0001, 'hidden_layer_sizes': (50,), 'learning_rate_init': 0.001}"
2,0.8836,0.3115,0.8848,0.3023,0.8824,0.3053,0.8860,0.3107,0.8860,0.3107,20,"F146, F46, F241, F104, F82, F226, F251, F150, F7, F252, F265, F175, F213, F20, F199, F206, F240, F102, F186, F97","{'C': 10, 'gamma': 'scale', 'kernel': 'rbf'}","{'n_neighbors': 9, 'weights': 'distance'}","{'max_depth': None, 'min_samples_split': 2}","{'max_depth': None, 'min_samples_split': 5, 'n_estimators': 100}","{'alpha': 0.001, 'hidden_layer_sizes': (50,), 'learning_rate_init': 0.001}"
3,0.8920,0.3873,0.8884,0.3652,0.8896,0.3697,0.8896,0.3685,0.8932,0.3844,20,"F146, F46, F51, F241, F104, F251, F226, F82, F7, F150, F252, F265, F213, F20, F206, F199, F47, F102, F137, F186","{'C': 10, 'gamma': 'auto', 'kernel': 'rbf'}","{'n_neighbors': 7, 'weights': 'distance'}","{'max_depth': 20, 'min_samples_split': 5}","{'max_depth': None, 'min_samples_split': 2, 'n_estimators': 100}","{'alpha': 0.0001, 'hidden_layer_sizes': (50,), 'learning_rate_init': 0.01}"
4,0.9052,0.3738,0.9004,0.3248,0.9052,0.3717,0.9052,0.3736,0.9064,0.3816,20,"F252, F102, F114, F241, F104, F82, F150, F175, F146, F7, F199, F213, F20, F251, F172, F240, F186, F200, F265, F97","{'C': 10, 'gamma': 'scale', 'kernel': 'rbf'}","{'n_neighbors': 7, 'weights': 'distance'}","{'max_depth': None, 'min_samples_split': 2}","{'max_depth': 20, 'min_samples_split': 5, 'n_estimators': 200}","{'alpha': 0.001, 'hidden_layer_sizes': (100,), 'learning_rate_init': 0.001}"
5,0.8739,0.2656,0.8752,0.2523,0.8739,0.2846,0.8739,0.2650,0.8752,0.2880,20,"F146, F46, F241, F104, F82, F51, F226, F251, F150, F7, F252, F265, F213, F20, F199, F206, F47, F102, F137, F186","{'C': 10, 'gamma': 'scale', 'kernel': 'rbf'}","{'n_neighbors': 5, 'weights': 'distance'}","{'max_depth': None, 'min_samples_split': 2}","{'max_depth': 20, 'min_samples_split': 2, 'n_estimators': 100}","{'alpha': 0.001, 'hidden_layer_sizes': (50,), 'learning_rate_init': 0.001}"
6,0.8788,0.3637,0.8800,0.3547,0.8788,0.3637,0.8752,0.3541,0.8764,0.3638,20,"F146, F172, F213, F241, F104, F82, F251, F47, F252, F7, F150, F265, F199, F20, F240, F102, F186, F97, F175, F40","{'C': 10, 'gamma': 'scale', 'kernel': 'rbf'}","{'n_neighbors': 9, 'weights': 'distance'}","{'max_depth': None, 'min_samples_split': 2}","{'max_depth': None, 'min_samples_split': 2, 'n_estimators': 200}","{'alpha': 0.0001, 'hidden_layer_sizes': (100,), 'learning_rate_init': 0.001}"
7,0.8739,0.3518,0.8776,0.3315,0.8727,0.3487,0.8739,0.3516,0.8679,0.3135,20,"F146, F172, F213, F241, F104, F82, F265, F251, F199, F252, F7, F150, F47, F240, F20, F102, F186, F232, F40, F183","{'C': 10, 'gamma': 'auto', 'kernel': 'rbf'}","{'n_neighbors': 9, 'weights': 'distance'}","{'max_depth': None, 'min_samples_split': 2}","{'max_depth': None, 'min_samples_split': 2, 'n_estimators': 100}","{'alpha': 0.0001, 'hidden_layer_sizes': (100,), 'learning_rate_init': 0.001}"
8,0.8824,0.2919,0.8800,0.2289,0.8812,0.2900,0.8824,0.2914,0.8800,0.2729,20,"F146, F46, F241, F104, F82, F51, F251, F226, F7, F150, F252, F265, F213, F20, F199, F256, F206, F102, F175, F137","{'C': 1, 'gamma': 'auto', 'kernel': 'rbf'}","{'n_neighbors': 9, 'weights': 'distance'}","{'max_depth': 20, 'min_samples_split': 10}","{'max_depth': None, 'min_samples_split': 5, 'n_estimators': 200}","{'alpha': 0.001, 'hidden_layer_sizes': (100, 50), 'learning_rate_init': 0.001}"
9,0.8848,0.3716,0.8776,0.3493,0.8836,0.3653,0.8860,0.3770,0.8860,0.3791,20,"F252, F40, F241, F104, F82, F251, F47, F213, F150, F146, F265, F97, F7, F20, F199, F240, F102, F186, F183, F172","{'C': 10, 'gamma': 'scale', 'kernel': 'rbf'}","{'n_neighbors': 9, 'weights': 'distance'}","{'max_depth': None, 'min_samples_split': 2}","{'max_depth': None, 'min_samples_split': 5, 'n_estimators': 100}","{'alpha': 0.001, 'hidden_layer_sizes': (50,), 'learning_rate_init': 0.001}"
10,0.8836,0.3641,0.8788,0.3187,0.8848,0.3797,0.8836,0.3655,0.8788,0.3373,20,"F146, F172, F213, F241, F104, F251, F82, F47, F252, F7, F150, F175, F199, F20, F240, F102, F186, F232, F180, F40","{'C': 10, 'gamma': 'scale', 'kernel': 'rbf'}","{'n_neighbors': 7, 'weights': 'distance'}","{'max_depth': None, 'min_samples_split': 2}","{'max_depth': None, 'min_samples_split': 5, 'n_estimators': 100}","{'alpha': 0.001, 'hidden_layer_sizes': (50,), 'learning_rate_init': 0.01}"
1,0.8475,0.1322,0.8511,0.1538,0.8463,0.1278,0.8451,0.1218,0.8439,0.1171,20,"F146, F94, F18, F261, F199, F137, F256, F206, F7, F252, F82, F20, F265, F251, F47, F180, F186, F40, F150, F103","{'C': 1, 'gamma': 'scale', 'kernel': 'rbf'}","{'n_neighbors': 5, 'weights': 'distance'}","{'max_depth': 20, 'min_samples_split': 5}","{'max_depth': None, 'min_samples_split': 5, 'n_estimators': 100}","{'alpha': 0.001, 'hidden_layer_sizes': (100,), 'learning_rate_init': 0.01}"
2,0.8343,0.1406,0.8343,0.1346,0.8343,0.1396,0.8331,0.1387,0.8319,0.1374,20,"F146, F172, F18, F235, F85, F82, F252, F102, F261, F20, F265, F150, F199, F200, F256, F186, F104, F206, F180, F251","{'C': 1, 'gamma': 'scale', 'kernel': 'rbf'}","{'n_neighbors': 5, 'weights': 'uniform'}","{'max_depth': 20, 'min_samples_split': 5}","{'max_depth': None, 'min_samples_split': 5, 'n_estimators': 200}","{'alpha': 0.0001, 'hidden_layer_sizes': (50,), 'learning_rate_init': 0.01}"
3,0.8439,0.1364,0.8451,0.1368,0.8439,0.1375,0.8439,0.1373,0.8427,0.1457,20,"F146, F94, F18, F82, F199, F206, F261, F7, F252, F20, F265, F256, F240, F47, F186, F104, F180, F62, F40, F150","{'C': 10, 'gamma': 'auto', 'kernel': 'rbf'}","{'n_neighbors': 5, 'weights': 'distance'}","{'max_depth': 10, 'min_samples_split': 2}","{'max_depth': None, 'min_samples_split': 5, 'n_estimators': 200}","{'alpha': 0.001, 'hidden_layer_sizes': (50,), 'learning_rate_init': 0.01}"
4,0.8571,0.1406,0.8511,0.1403,0.8547,0.1472,0.8559,0.1464,0.8535,0.1437,20,"F146, F150, F18, F182, F51, F206, F199, F235, F261, F82, F7, F252, F20, F265, F256, F180, F226, F186, F251, F200","{'C': 10, 'gamma': 'auto', 'kernel': 'rbf'}","{'n_neighbors': 9, 'weights': 'distance'}","{'max_depth': None, 'min_samples_split': 2}","{'max_depth': None, 'min_samples_split': 5, 'n_estimators': 100}","{'alpha': 0.0001, 'hidden_layer_sizes': (100,), 'learning_rate_init': 0.001}"
5,0.8535,0.1629,0.8499,0.1633,0.8475,0.1617,0.8475,0.1617,0.8535,0.1620,20,"F146, F172, F85, F18, F235, F261, F82, F252, F102, F20, F150, F199, F71, F265, F29, F186, F104, F206, F180, F40","{'C': 10, 'gamma': 'auto', 'kernel': 'rbf'}","{'n_neighbors': 5, 'weights': 'distance'}","{'max_depth': None, 'min_samples_split': 5}","{'max_depth': None, 'min_samples_split': 5, 'n_estimators': 100}","{'alpha': 0.0001, 'hidden_layer_sizes': (100, 50), 'learning_rate_init': 0.01}"
6,0.8535,0.1518,0.8511,0.1391,0.8547,0.1680,0.8535,0.1648,0.8499,0.1402,20,"F146, F94, F265, F261, F199, F7, F206, F82, F20, F252, F200, F47, F256, F240, F180, F186, F104, F62, F251, F40","{'C': 1, 'gamma': 'scale', 'kernel': 'rbf'}","{'n_neighbors': 7, 'weights': 'distance'}","{'max_depth': 10, 'min_samples_split': 2}","{'max_depth': None, 'min_samples_split': 5, 'n_estimators': 200}","{'alpha': 0.001, 'hidden_layer_sizes': (100, 50), 'learning_rate_init': 0.001}"
7,0.8427,0.1328,0.8415,0.1407,0.8439,0.1325,0.8463,0.1581,0.8427,0.1325,20,"F146, F94, F18, F206, F199, F261, F7, F82, F252, F20, F251, F200, F180, F240, F186, F102, F172, F182, F104, F150","{'C': 1, 'gamma': 'auto', 'kernel': 'rbf'}","{'n_neighbors': 7, 'weights': 'uniform'}","{'max_depth': 5, 'min_samples_split': 2}","{'max_depth': None, 'min_samples_split': 5, 'n_estimators': 200}","{'alpha': 0.0001, 'hidden_layer_sizes': (100,), 'learning_rate_init': 0.001}"
8,0.8451,0.1600,0.8415,0.1466,0.8427,0.1516,0.8427,0.1655,0.8439,0.1779,20,"F146, F76, F18, F51, F199, F150, F82, F252, F261, F226, F20, F265, F256, F186, F7, F180, F104, F47, F103, F182","{'C': 10, 'gamma': 'auto', 'kernel': 'rbf'}","{'n_neighbors': 7, 'weights': 'uniform'}","{'max_depth': 10, 'min_samples_split': 5}","{'max_depth': None, 'min_samples_split': 2, 'n_estimators': 200}","{'alpha': 0.001, 'hidden_layer_sizes': (100,), 'learning_rate_init': 0.01}"
9,0.8403,0.1464,0.8379,0.1446,0.8403,0.1492,0.8415,0.1484,0.8403,0.1605,20,"F146, F172, F18, F85, F82, F235, F261, F7, F252, F150, F20, F265, F200, F256, F199, F186, F180, F206, F251, F104","{'C': 1, 'gamma': 'scale', 'kernel': 'rbf'}","{'n_neighbors': 5, 'weights': 'uniform'}","{'max_depth': 20, 'min_samples_split': 5}","{'max_depth': 20, 'min_samples_split': 2, 'n_estimators': 100}","{'alpha': 0.001, 'hidden_layer_sizes': (100,), 'learning_rate_init': 0.001}"
10,0.8463,0.1599,0.8391,0.1449,0.8475,0.1691,0.8427,0.1512,0.8451,0.1501,20,"F146, F94, F18, F199, F206, F261, F7, F82, F252, F20, F265, F256, F251, F180, F240, F47, F186, F104, F62, F40","{'C': 10, 'gamma': 'scale', 'kernel': 'rbf'}","{'n_neighbors': 5, 'weights': 'distance'}","{'max_depth': 10, 'min_samples_split': 2}","{'max_depth': 20, 'min_samples_split': 2, 'n_estimators': 100}","{'alpha': 0.0001, 'hidden_layer_sizes': (100, 50), 'learning_rate_init': 0.001}"
1,0.7935,0.0867,0.7947,0.0833,0.7911,0.0733,0.7935,0.0876,0.7947,0.0849,20,"F103, F13, F235, F206, F265, F200, F82, F175, F257, F240, F113, F252, F182, F251, F40, F186, F256, F9, F91, F92","{'C': 10, 'gamma': 'auto', 'kernel': 'rbf'}","{'n_neighbors': 5, 'weights': 'uniform'}","{'max_depth': None, 'min_samples_split': 10}","{'max_depth': None, 'min_samples_split': 5, 'n_estimators': 100}","{'alpha': 0.0001, 'hidden_layer_sizes': (50,), 'learning_rate_init': 0.001}"
2,0.8247,0.0847,0.8247,0.0981,0.8271,0.0966,0.8247,0.0835,0.8259,0.0940,20,"F103, F114, F206, F18, F200, F82, F257, F252, F113, F40, F186, F265, F197, F162, F102, F182, F202, F261, F146, F104","{'C': 10, 'gamma': 'scale', 'kernel': 'rbf'}","{'n_neighbors': 7, 'weights': 'distance'}","{'max_depth': 10, 'min_samples_split': 5}","{'max_depth': 20, 'min_samples_split': 2, 'n_estimators': 100}","{'alpha': 0.001, 'hidden_layer_sizes': (100,), 'learning_rate_init': 0.01}"
3,0.8307,0.0919,0.8235,0.0769,0.8295,0.0888,0.8283,0.0818,0.8295,0.0882,20,"F103, F114, F256, F206, F18, F200, F113, F257, F82, F252, F29, F104, F186, F40, F265, F9, F182, F197, F102, F202","{'C': 1, 'gamma': 'auto', 'kernel': 'rbf'}","{'n_neighbors': 5, 'weights': 'distance'}","{'max_depth': 10, 'min_samples_split': 10}","{'max_depth': 20, 'min_samples_split': 5, 'n_estimators': 200}","{'alpha': 0.001, 'hidden_layer_sizes': (50,), 'learning_rate_init': 0.001}"
4,0.8019,0.0731,0.8031,0.0765,0.8007,0.0618,0.8031,0.0715,0.8019,0.0717,20,"F103, F114, F206, F18, F82, F257, F200, F113, F252, F256, F168, F186, F40, F265, F104, F91, F197, F102, F162, F20","{'C': 10, 'gamma': 'scale', 'kernel': 'rbf'}","{'n_neighbors': 7, 'weights': 'distance'}","{'max_depth': 10, 'min_samples_split': 10}","{'max_depth': 20, 'min_samples_split': 2, 'n_estimators': 200}","{'alpha': 0.0001, 'hidden_layer_sizes': (50,), 'learning_rate_init': 0.001}"
5,0.8223,0.1108,0.8199,0.0935,0.8223,0.0974,0.8235,0.1063,0.8235,0.1183,20,"F103, F114, F182, F206, F18, F257, F82, F200, F261, F113, F252, F256, F130, F186, F40, F265, F9, F91, F197, F102","{'C': 10, 'gamma': 'auto', 'kernel': 'rbf'}","{'n_neighbors': 9, 'weights': 'distance'}","{'max_depth': 10, 'min_samples_split': 2}","{'max_depth': 20, 'min_samples_split': 2, 'n_estimators': 200}","{'alpha': 0.0001, 'hidden_layer_sizes': (50,), 'learning_rate_init': 0.01}"
6,0.8019,0.0821,0.7983,0.0683,0.8019,0.0771,0.8043,0.0901,0.8031,0.0868,20,"F103, F114, F206, F18, F113, F200, F82, F257, F252, F256, F40, F186, F265, F91, F104, F71, F182, F197, F102, F202","{'C': 10, 'gamma': 'scale', 'kernel': 'rbf'}","{'n_neighbors': 9, 'weights': 'distance'}","{'max_depth': 20, 'min_samples_split': 2}","{'max_depth': None, 'min_samples_split': 2, 'n_estimators': 200}","{'alpha': 0.0001, 'hidden_layer_sizes': (50,), 'learning_rate_init': 0.001}"
7,0.7983,0.0889,0.7923,0.0750,0.7947,0.0901,0.7935,0.0881,0.7947,0.0954,20,"F103, F72, F198, F235, F206, F256, F18, F257, F265, F82, F240, F113, F186, F182, F7, F200, F85, F252, F251, F197","{'C': 1, 'gamma': 'auto', 'kernel': 'rbf'}","{'n_neighbors': 5, 'weights': 'distance'}","{'max_depth': 10, 'min_samples_split': 10}","{'max_depth': 20, 'min_samples_split': 2, 'n_estimators': 100}","{'alpha': 0.001, 'hidden_layer_sizes': (100,), 'learning_rate_init': 0.001}"
8,0.8331,0.0699,0.8307,0.0597,0.8319,0.0634,0.8331,0.0709,0.8367,0.0882,20,"F103, F114, F206, F113, F18, F200, F257, F82, F252, F256, F199, F40, F186, F265, F182, F104, F197, F102, F162, F241","{'C': 1, 'gamma': 'auto', 'kernel': 'rbf'}","{'n_neighbors': 9, 'weights': 'distance'}","{'max_depth': None, 'min_samples_split': 2}","{'max_depth': 20, 'min_samples_split': 2, 'n_estimators': 100}","{'alpha': 0.001, 'hidden_layer_sizes': (100,), 'learning_rate_init': 0.001}"
9,0.7827,0.0981,0.7779,0.0882,0.7815,0.0916,0.7827,0.0979,0.7839,0.1059,20,"F103, F114, F18, F113, F200, F82, F257, F252, F256, F265, F91, F186, F40, F9, F130, F197, F102, F202, F146, F94","{'C': 1, 'gamma': 'auto', 'kernel': 'rbf'}","{'n_neighbors': 5, 'weights': 'uniform'}","{'max_depth': 20, 'min_samples_split': 2}","{'max_depth': None, 'min_samples_split': 5, 'n_estimators': 200}","{'alpha': 0.0001, 'hidden_layer_sizes': (50,), 'learning_rate_init': 0.001}"
10,0.8223,0.0859,0.8187,0.0694,0.8223,0.0924,0.8235,0.0924,0.8235,0.0868,20,"F103, F114, F206, F18, F113, F200, F261, F252, F256, F217, F40, F186, F9, F265, F91, F182, F104, F197, F102, F202","{'C': 1, 'gamma': 'auto', 'kernel': 'rbf'}","{'n_neighbors': 9, 'weights': 'uniform'}","{'max_depth': 20, 'min_samples_split': 10}","{'max_depth': 20, 'min_samples_split': 2, 'n_estimators': 200}","{'alpha': 0.0001, 'hidden_layer_sizes': (100, 50), 'learning_rate_init': 0.001}"
1,0.8776,0.4949,0.8715,0.4544,0.8764,0.4941,0.8764,0.4941,0.8727,0.4375,20,"F201, F194, F146, F104, F82, F80, F87, F241, F7, F91, F20, F35, F16, F94, F213, F252, F251, F88, F206, F102","{'C': 1, 'gamma': 'scale', 'kernel': 'rbf'}","{'n_neighbors': 7, 'weights': 'distance'}","{'max_depth': None, 'min_samples_split': 2}","{'max_depth': None, 'min_samples_split': 2, 'n_estimators': 100}","{'alpha': 0.001, 'hidden_layer_sizes': (100, 50), 'learning_rate_init': 0.01}"
2,0.8715,0.3924,0.8583,0.3123,0.8715,0.3928,0.8703,0.3911,0.8703,0.3856,20,"F35, F194, F146, F82, F104, F80, F87, F180, F7, F201, F20, F91, F16, F213, F252, F94, F251, F88, F206, F256","{'C': 1, 'gamma': 'scale', 'kernel': 'rbf'}","{'n_neighbors': 7, 'weights': 'distance'}","{'max_depth': None, 'min_samples_split': 5}","{'max_depth': 20, 'min_samples_split': 2, 'n_estimators': 200}","{'alpha': 0.001, 'hidden_layer_sizes': (100,), 'learning_rate_init': 0.001}"
3,0.8788,0.4332,0.8860,0.4348,0.8800,0.4355,0.8800,0.4355,0.8800,0.4355,20,"F7, F146, F201, F104, F82, F80, F180, F94, F91, F213, F252, F35, F87, F251, F20, F102, F206, F88, F22, F186","{'C': 10, 'gamma': 'auto', 'kernel': 'rbf'}","{'n_neighbors': 9, 'weights': 'distance'}","{'max_depth': 20, 'min_samples_split': 2}","{'max_depth': 20, 'min_samples_split': 2, 'n_estimators': 100}","{'alpha': 0.0001, 'hidden_layer_sizes': (100,), 'learning_rate_init': 0.001}"
4,0.8679,0.4580,0.8715,0.4061,0.8703,0.4694,0.8703,0.4694,0.8643,0.4585,20,"F7, F201, F146, F104, F80, F82, F247, F91, F252, F213, F35, F16, F88, F87, F20, F150, F251, F102, F206, F186","{'C': 1, 'gamma': 'scale', 'kernel': 'rbf'}","{'n_neighbors': 7, 'weights': 'distance'}","{'max_depth': 20, 'min_samples_split': 5}","{'max_depth': 20, 'min_samples_split': 2, 'n_estimators': 100}","{'alpha': 0.0001, 'hidden_layer_sizes': (100, 50), 'learning_rate_init': 0.01}"
5,0.8739,0.4310,0.8703,0.4157,0.8727,0.4285,0.8727,0.4285,0.8679,0.3970,20,"F201, F194, F146, F104, F82, F80, F87, F180, F7, F91, F20, F35, F16, F213, F252, F94, F251, F88, F22, F102","{'C': 1, 'gamma': 'auto', 'kernel': 'rbf'}","{'n_neighbors': 7, 'weights': 'distance'}","{'max_depth': 20, 'min_samples_split': 5}","{'max_depth': None, 'min_samples_split': 2, 'n_estimators': 100}","{'alpha': 0.001, 'hidden_layer_sizes': (100, 50), 'learning_rate_init': 0.001}"
6,0.8776,0.4953,0.8776,0.4630,0.8788,0.4983,0.8788,0.4948,0.8788,0.4777,20,"F35, F46, F146, F82, F104, F80, F9, F180, F7, F22, F201, F252, F16, F213, F91, F20, F251, F150, F206, F102","{'C': 1, 'gamma': 'auto', 'kernel': 'rbf'}","{'n_neighbors': 9, 'weights': 'distance'}","{'max_depth': None, 'min_samples_split': 10}","{'max_depth': None, 'min_samples_split': 5, 'n_estimators': 100}","{'alpha': 0.0001, 'hidden_layer_sizes': (100,), 'learning_rate_init': 0.01}"
7,0.8655,0.3743,0.8679,0.3519,0.8679,0.3614,0.8679,0.3614,0.8691,0.3354,20,"F35, F91, F7, F20, F104, F82, F80, F95, F180, F201, F252, F213, F16, F9, F22, F146, F150, F206, F88, F102","{'C': 1, 'gamma': 'scale', 'kernel': 'rbf'}","{'n_neighbors': 9, 'weights': 'distance'}","{'max_depth': 20, 'min_samples_split': 2}","{'max_depth': None, 'min_samples_split': 2, 'n_estimators': 100}","{'alpha': 0.001, 'hidden_layer_sizes': (50,), 'learning_rate_init': 0.01}"
8,0.8655,0.3741,0.8655,0.3839,0.8655,0.3717,0.8655,0.3717,0.8643,0.3759,20,"F35, F194, F146, F104, F82, F80, F87, F241, F7, F201, F91, F252, F16, F94, F213, F251, F20, F88, F206, F102","{'C': 1, 'gamma': 'scale', 'kernel': 'rbf'}","{'n_neighbors': 9, 'weights': 'distance'}","{'max_depth': None, 'min_samples_split': 5}","{'max_depth': None, 'min_samples_split': 2, 'n_estimators': 100}","{'alpha': 0.0001, 'hidden_layer_sizes': (100, 50), 'learning_rate_init': 0.001}"
9,0.8679,0.3191,0.8619,0.3172,0.8679,0.3357,0.8715,0.3575,0.8752,0.3516,20,"F35, F91, F7, F252, F104, F82, F247, F80, F201, F146, F213, F251, F16, F87, F150, F20, F88, F206, F102, F186","{'C': 1, 'gamma': 'scale', 'kernel': 'rbf'}","{'n_neighbors': 7, 'weights': 'distance'}","{'max_depth': 20, 'min_samples_split': 5}","{'max_depth': 20, 'min_samples_split': 2, 'n_estimators': 200}","{'alpha': 0.0001, 'hidden_layer_sizes': (100, 50), 'learning_rate_init': 0.01}"
10,0.8824,0.4338,0.8836,0.4479,0.8860,0.4308,0.8812,0.4340,0.8836,0.4632,20,"F35, F247, F213, F146, F104, F82, F80, F87, F91, F201, F252, F7, F16, F150, F20, F251, F102, F206, F186, F241","{'C': 1, 'gamma': 'auto', 'kernel': 'rbf'}","{'n_neighbors': 9, 'weights': 'distance'}","{'max_depth': None, 'min_samples_split': 10}","{'max_depth': 20, 'min_samples_split': 2, 'n_estimators': 200}","{'alpha': 0.001, 'hidden_layer_sizes': (100, 50), 'learning_rate_init': 0.001}"
1,0.8776,0.4949,0.8715,0.4544,0.8764,0.4941,0.8752,0.4920,0.8764,0.4722,20,"F201, F194, F146, F104, F82, F80, F87, F241, F7, F91, F20, F35, F16, F94, F213, F252, F251, F88, F206, F102","{'C': 1, 'gamma': 'scale', 'kernel': 'rbf'}","{'n_neighbors': 7, 'weights': 'distance'}","{'max_depth': None, 'min_samples_split': 2}","{'max_depth': None, 'min_samples_split': 5, 'n_estimators': 200}","{'alpha': 0.001, 'hidden_layer_sizes': (100,), 'learning_rate_init': 0.001}"
2,0.8715,0.3924,0.8583,0.3123,0.8727,0.3954,0.8703,0.3911,0.8691,0.3721,20,"F35, F194, F146, F82, F104, F80, F87, F180, F7, F201, F20, F91, F16, F213, F252, F94, F251, F88, F206, F256","{'C': 1, 'gamma': 'scale', 'kernel': 'rbf'}","{'n_neighbors': 7, 'weights': 'distance'}","{'max_depth': None, 'min_samples_split': 10}","{'max_depth': None, 'min_samples_split': 2, 'n_estimators': 100}","{'alpha': 0.001, 'hidden_layer_sizes': (50,), 'learning_rate_init': 0.01}"
3,0.8788,0.4332,0.8860,0.4348,0.8800,0.4355,0.8800,0.4355,0.8788,0.4313,20,"F7, F146, F201, F104, F82, F80, F180, F94, F91, F213, F252, F35, F87, F251, F20, F102, F206, F88, F22, F186","{'C': 10, 'gamma': 'auto', 'kernel': 'rbf'}","{'n_neighbors': 9, 'weights': 'distance'}","{'max_depth': 20, 'min_samples_split': 2}","{'max_depth': None, 'min_samples_split': 2, 'n_estimators': 100}","{'alpha': 0.0001, 'hidden_layer_sizes': (50,), 'learning_rate_init': 0.001}"
4,0.8679,0.4580,0.8715,0.4061,0.8691,0.4659,0.8703,0.4694,0.8667,0.3916,20,"F7, F201, F146, F104, F80, F82, F247, F91, F252, F213, F35, F16, F88, F87, F20, F150, F251, F102, F206, F186","{'C': 1, 'gamma': 'scale', 'kernel': 'rbf'}","{'n_neighbors': 7, 'weights': 'distance'}","{'max_depth': None, 'min_samples_split': 10}","{'max_depth': 20, 'min_samples_split': 5, 'n_estimators': 100}","{'alpha': 0.001, 'hidden_layer_sizes': (100, 50), 'learning_rate_init': 0.001}"
5,0.8739,0.4310,0.8703,0.4157,0.8727,0.4285,0.8727,0.4285,0.8715,0.4398,20,"F201, F194, F146, F104, F82, F80, F87, F180, F7, F91, F20, F35, F16, F213, F252, F94, F251, F88, F22, F102","{'C': 1, 'gamma': 'auto', 'kernel': 'rbf'}","{'n_neighbors': 7, 'weights': 'distance'}","{'max_depth': None, 'min_samples_split': 5}","{'max_depth': 20, 'min_samples_split': 2, 'n_estimators': 100}","{'alpha': 0.0001, 'hidden_layer_sizes': (100, 50), 'learning_rate_init': 0.001}"
6,0.8776,0.4953,0.8776,0.4630,0.8788,0.4948,0.8788,0.4948,0.8739,0.4548,20,"F35, F46, F146, F82, F104, F80, F9, F180, F7, F22, F201, F252, F16, F213, F91, F20, F251, F150, F206, F102","{'C': 1, 'gamma': 'auto', 'kernel': 'rbf'}","{'n_neighbors': 9, 'weights': 'distance'}","{'max_depth': None, 'min_samples_split': 10}","{'max_depth': None, 'min_samples_split': 2, 'n_estimators': 100}","{'alpha': 0.0001, 'hidden_layer_sizes': (100,), 'learning_rate_init': 0.001}"
7,0.8655,0.3743,0.8679,0.3519,0.8679,0.3614,0.8679,0.3617,0.8679,0.3823,20,"F35, F91, F7, F20, F104, F82, F80, F95, F180, F201, F252, F213, F16, F9, F22, F146, F150, F206, F88, F102","{'C': 1, 'gamma': 'scale', 'kernel': 'rbf'}","{'n_neighbors': 9, 'weights': 'distance'}","{'max_depth': 20, 'min_samples_split': 5}","{'max_depth': 20, 'min_samples_split': 2, 'n_estimators': 200}","{'alpha': 0.001, 'hidden_layer_sizes': (100,), 'learning_rate_init': 0.01}"
8,0.8655,0.3741,0.8655,0.3839,0.8655,0.3717,0.8643,0.3703,0.8655,0.3689,20,"F35, F194, F146, F104, F82, F80, F87, F241, F7, F201, F91, F252, F16, F94, F213, F251, F20, F88, F206, F102","{'C': 1, 'gamma': 'scale', 'kernel': 'rbf'}","{'n_neighbors': 9, 'weights': 'distance'}","{'max_depth': None, 'min_samples_split': 5}","{'max_depth': None, 'min_samples_split': 2, 'n_estimators': 200}","{'alpha': 0.0001, 'hidden_layer_sizes': (100,), 'learning_rate_init': 0.001}"
9,0.8679,0.3191,0.8619,0.3172,0.8679,0.3357,0.8703,0.3566,0.8679,0.3113,20,"F35, F91, F7, F252, F104, F82, F247, F80, F201, F146, F213, F251, F16, F87, F150, F20, F88, F206, F102, F186","{'C': 1, 'gamma': 'scale', 'kernel': 'rbf'}","{'n_neighbors': 7, 'weights': 'distance'}","{'max_depth': None, 'min_samples_split': 5}","{'max_depth': 20, 'min_samples_split': 2, 'n_estimators': 100}","{'alpha': 0.001, 'hidden_layer_sizes': (100, 50), 'learning_rate_init': 0.001}"
10,0.8824,0.4338,0.8836,0.4479,0.8860,0.4308,0.8812,0.4244,0.8800,0.4478,20,"F35, F247, F213, F146, F104, F82, F80, F87, F91, F201, F252, F7, F16, F150, F20, F251, F102, F206, F186, F241","{'C': 1, 'gamma': 'auto', 'kernel': 'rbf'}","{'n_neighbors': 9, 'weights': 'distance'}","{'max_depth': None, 'min_samples_split': 10}","{'max_depth': None, 'min_samples_split': 5, 'n_estimators': 200}","{'alpha': 0.0001, 'hidden_layer_sizes': (100,), 'learning_rate_init': 0.001}"
1,0.8643,0.4142,0.8643,0.4302,0.8631,0.4262,0.8631,0.4039,0.8667,0.3890,20,"F7, F146, F104, F82, F241, F80, F172, F251, F16, F47, F265, F252, F213, F9, F91, F150, F20, F85, F102, F186","{'C': 1, 'gamma': 'scale', 'kernel': 'rbf'}","{'n_neighbors': 9, 'weights': 'distance'}","{'max_depth': 20, 'min_samples_split': 2}","{'max_depth': 20, 'min_samples_split': 5, 'n_estimators': 200}","{'alpha': 0.001, 'hidden_layer_sizes': (100, 50), 'learning_rate_init': 0.01}"
2,0.9100,0.3460,0.9100,0.3460,0.9112,0.3652,0.9100,0.3460,0.9100,0.3420,20,"F7, F146, F104, F80, F241, F82, F172, F251, F265, F16, F47, F91, F252, F213, F9, F150, F20, F102, F186, F119","{'C': 10, 'gamma': 'scale', 'kernel': 'rbf'}","{'n_neighbors': 9, 'weights': 'distance'}","{'max_depth': None, 'min_samples_split': 2}","{'max_depth': None, 'min_samples_split': 5, 'n_estimators': 200}","{'alpha': 0.001, 'hidden_layer_sizes': (100,), 'learning_rate_init': 0.001}"
3,0.8824,0.3993,0.8824,0.3997,0.8812,0.3974,0.8824,0.4027,0.8884,0.4353,20,"F7, F146, F104, F82, F241, F80, F253, F251, F16, F47, F91, F20, F213, F87, F172, F252, F102, F150, F186, F11","{'C': 10, 'gamma': 'scale', 'kernel': 'rbf'}","{'n_neighbors': 9, 'weights': 'distance'}","{'max_depth': None, 'min_samples_split': 2}","{'max_depth': None, 'min_samples_split': 2, 'n_estimators': 200}","{'alpha': 0.001, 'hidden_layer_sizes': (100, 50), 'learning_rate_init': 0.001}"
4,0.8800,0.4656,0.8800,0.4660,0.8800,0.4633,0.8800,0.4633,0.8715,0.4236,20,"F252, F114, F102, F104, F82, F241, F9, F175, F150, F146, F7, F16, F91, F80, F20, F213, F172, F251, F186, F265","{'C': 1, 'gamma': 'scale', 'kernel': 'rbf'}","{'n_neighbors': 9, 'weights': 'distance'}","{'max_depth': None, 'min_samples_split': 2}","{'max_depth': 20, 'min_samples_split': 5, 'n_estimators': 200}","{'alpha': 0.0001, 'hidden_layer_sizes': (100, 50), 'learning_rate_init': 0.001}"
5,0.8691,0.4062,0.8703,0.4140,0.8691,0.4049,0.8691,0.4049,0.8703,0.3960,20,"F7, F146, F104, F241, F80, F82, F172, F251, F265, F47, F252, F213, F87, F91, F150, F20, F102, F137, F186, F199","{'C': 1, 'gamma': 'auto', 'kernel': 'rbf'}","{'n_neighbors': 9, 'weights': 'distance'}","{'max_depth': 20, 'min_samples_split': 2}","{'max_depth': 20, 'min_samples_split': 5, 'n_estimators': 200}","{'alpha': 0.0001, 'hidden_layer_sizes': (50,), 'learning_rate_init': 0.001}"
6,0.8812,0.3680,0.8824,0.3747,0.8800,0.3373,0.8800,0.3359,0.8788,0.3275,20,"F7, F146, F104, F241, F82, F80, F172, F251, F16, F265, F47, F91, F213, F252, F9, F150, F20, F102, F85, F186","{'C': 10, 'gamma': 'scale', 'kernel': 'rbf'}","{'n_neighbors': 9, 'weights': 'distance'}","{'max_depth': None, 'min_samples_split': 2}","{'max_depth': 20, 'min_samples_split': 2, 'n_estimators': 200}","{'alpha': 0.0001, 'hidden_layer_sizes': (50,), 'learning_rate_init': 0.001}"
7,0.8956,0.3696,0.8980,0.3648,0.8944,0.3503,0.8956,0.3579,0.8956,0.3648,20,"F7, F146, F104, F82, F80, F241, F253, F47, F251, F16, F265, F87, F20, F213, F91, F252, F172, F175, F150, F102","{'C': 10, 'gamma': 'scale', 'kernel': 'rbf'}","{'n_neighbors': 9, 'weights': 'distance'}","{'max_depth': None, 'min_samples_split': 2}","{'max_depth': None, 'min_samples_split': 5, 'n_estimators': 200}","{'alpha': 0.0001, 'hidden_layer_sizes': (100, 50), 'learning_rate_init': 0.01}"
8,0.8884,0.4830,0.8860,0.4562,0.8884,0.4843,0.8884,0.4843,0.8956,0.5001,20,"F7, F146, F104, F241, F80, F82, F172, F251, F265, F16, F91, F252, F213, F94, F9, F20, F47, F102, F137, F186","{'C': 1, 'gamma': 'auto', 'kernel': 'rbf'}","{'n_neighbors': 9, 'weights': 'distance'}","{'max_depth': None, 'min_samples_split': 2}","{'max_depth': 20, 'min_samples_split': 5, 'n_estimators': 200}","{'alpha': 0.001, 'hidden_layer_sizes': (50,), 'learning_rate_init': 0.001}"
9,0.8800,0.3783,0.8872,0.4137,0.8836,0.4104,0.8836,0.4178,0.8848,0.4050,20,"F7, F146, F104, F80, F241, F82, F47, F253, F251, F16, F265, F91, F252, F213, F87, F172, F20, F150, F102, F62","{'C': 10, 'gamma': 'scale', 'kernel': 'rbf'}","{'n_neighbors': 9, 'weights': 'distance'}","{'max_depth': None, 'min_samples_split': 2}","{'max_depth': None, 'min_samples_split': 5, 'n_estimators': 100}","{'alpha': 0.0001, 'hidden_layer_sizes': (100, 50), 'learning_rate_init': 0.01}"
10,0.8752,0.4231,0.8776,0.4350,0.8739,0.4175,0.8739,0.4175,0.8776,0.4332,20,"F7, F146, F104, F82, F241, F80, F172, F265, F251, F16, F91, F252, F213, F47, F9, F150, F20, F102, F137, F186","{'C': 1, 'gamma': 'scale', 'kernel': 'rbf'}","{'n_neighbors': 9, 'weights': 'distance'}","{'max_depth': None, 'min_samples_split': 2}","{'max_depth': 20, 'min_samples_split': 5, 'n_estimators': 200}","{'alpha': 0.0001, 'hidden_layer_sizes': (100,), 'learning_rate_init': 0.01}"
1,0.8643,0.4142,0.8643,0.4302,0.8631,0.4262,0.8643,0.4299,0.8667,0.4242,20,"F7, F146, F104, F82, F241, F80, F172, F251, F16, F47, F265, F252, F213, F9, F91, F150, F20, F85, F102, F186","{'C': 1, 'gamma': 'scale', 'kernel': 'rbf'}","{'n_neighbors': 9, 'weights': 'distance'}","{'max_depth': None, 'min_samples_split': 2}","{'max_depth': None, 'min_samples_split': 5, 'n_estimators': 100}","{'alpha': 0.001, 'hidden_layer_sizes': (50,), 'learning_rate_init': 0.01}"
2,0.9100,0.3460,0.9100,0.3460,0.9112,0.3652,0.9100,0.3460,0.9100,0.3460,20,"F7, F146, F104, F80, F241, F82, F172, F251, F265, F16, F47, F91, F252, F213, F9, F150, F20, F102, F186, F119","{'C': 10, 'gamma': 'scale', 'kernel': 'rbf'}","{'n_neighbors': 9, 'weights': 'distance'}","{'max_depth': None, 'min_samples_split': 2}","{'max_depth': None, 'min_samples_split': 5, 'n_estimators': 100}","{'alpha': 0.0001, 'hidden_layer_sizes': (50,), 'learning_rate_init': 0.001}"
3,0.8824,0.3993,0.8824,0.3997,0.8812,0.3974,0.8812,0.4025,0.8872,0.3984,20,"F7, F146, F104, F82, F241, F80, F253, F251, F16, F47, F91, F20, F213, F87, F172, F252, F102, F150, F186, F11","{'C': 10, 'gamma': 'scale', 'kernel': 'rbf'}","{'n_neighbors': 9, 'weights': 'distance'}","{'max_depth': None, 'min_samples_split': 2}","{'max_depth': 20, 'min_samples_split': 5, 'n_estimators': 100}","{'alpha': 0.0001, 'hidden_layer_sizes': (50,), 'learning_rate_init': 0.001}"
4,0.8800,0.4656,0.8800,0.4660,0.8800,0.4674,0.8800,0.4633,0.8739,0.4512,20,"F252, F114, F102, F104, F82, F241, F9, F175, F150, F146, F7, F16, F91, F80, F20, F213, F172, F251, F186, F265","{'C': 1, 'gamma': 'scale', 'kernel': 'rbf'}","{'n_neighbors': 9, 'weights': 'distance'}","{'max_depth': None, 'min_samples_split': 2}","{'max_depth': 20, 'min_samples_split': 5, 'n_estimators': 200}","{'alpha': 0.001, 'hidden_layer_sizes': (100, 50), 'learning_rate_init': 0.01}"
5,0.8691,0.4062,0.8703,0.4140,0.8691,0.4049,0.8691,0.4049,0.8703,0.3960,20,"F7, F146, F104, F241, F80, F82, F172, F251, F265, F47, F252, F213, F87, F91, F150, F20, F102, F137, F186, F199","{'C': 1, 'gamma': 'auto', 'kernel': 'rbf'}","{'n_neighbors': 9, 'weights': 'distance'}","{'max_depth': None, 'min_samples_split': 2}","{'max_depth': None, 'min_samples_split': 5, 'n_estimators': 100}","{'alpha': 0.0001, 'hidden_layer_sizes': (100,), 'learning_rate_init': 0.001}"
6,0.8812,0.3680,0.8824,0.3747,0.8800,0.3373,0.8800,0.3374,0.8812,0.3335,20,"F7, F146, F104, F241, F82, F80, F172, F251, F16, F265, F47, F91, F213, F252, F9, F150, F20, F102, F85, F186","{'C': 10, 'gamma': 'scale', 'kernel': 'rbf'}","{'n_neighbors': 9, 'weights': 'distance'}","{'max_depth': None, 'min_samples_split': 2}","{'max_depth': None, 'min_samples_split': 2, 'n_estimators': 200}","{'alpha': 0.001, 'hidden_layer_sizes': (100,), 'learning_rate_init': 0.001}"
7,0.8956,0.3696,0.8980,0.3648,0.8944,0.3503,0.8956,0.3579,0.8956,0.3580,20,"F7, F146, F104, F82, F80, F241, F253, F47, F251, F16, F265, F87, F20, F213, F91, F252, F172, F175, F150, F102","{'C': 10, 'gamma': 'scale', 'kernel': 'rbf'}","{'n_neighbors': 9, 'weights': 'distance'}","{'max_depth': None, 'min_samples_split': 2}","{'max_depth': 20, 'min_samples_split': 5, 'n_estimators': 100}","{'alpha': 0.001, 'hidden_layer_sizes': (100,), 'learning_rate_init': 0.001}"
8,0.8884,0.4830,0.8860,0.4562,0.8884,0.4841,0.8896,0.4968,0.8860,0.4626,20,"F7, F146, F104, F241, F80, F82, F172, F251, F265, F16, F91, F252, F213, F94, F9, F20, F47, F102, F137, F186","{'C': 1, 'gamma': 'auto', 'kernel': 'rbf'}","{'n_neighbors': 9, 'weights': 'distance'}","{'max_depth': 20, 'min_samples_split': 2}","{'max_depth': 20, 'min_samples_split': 5, 'n_estimators': 100}","{'alpha': 0.0001, 'hidden_layer_sizes': (50,), 'learning_rate_init': 0.01}"
9,0.8800,0.3783,0.8872,0.4137,0.8836,0.4104,0.8824,0.3901,0.8896,0.4294,20,"F7, F146, F104, F80, F241, F82, F47, F253, F251, F16, F265, F91, F252, F213, F87, F172, F20, F150, F102, F62","{'C': 10, 'gamma': 'scale', 'kernel': 'rbf'}","{'n_neighbors': 9, 'weights': 'distance'}","{'max_depth': None, 'min_samples_split': 2}","{'max_depth': None, 'min_samples_split': 2, 'n_estimators': 100}","{'alpha': 0.001, 'hidden_layer_sizes': (100,), 'learning_rate_init': 0.001}"
10,0.8752,0.4231,0.8776,0.4350,0.8739,0.4175,0.8752,0.4220,0.8788,0.4344,20,"F7, F146, F104, F82, F241, F80, F172, F265, F251, F16, F91, F252, F213, F47, F9, F150, F20, F102, F137, F186","{'C': 1, 'gamma': 'scale', 'kernel': 'rbf'}","{'n_neighbors': 9, 'weights': 'distance'}","{'max_depth': 20, 'min_samples_split': 2}","{'max_depth': None, 'min_samples_split': 5, 'n_estimators': 200}","{'alpha': 0.0001, 'hidden_layer_sizes': (100,), 'learning_rate_init': 0.01}"
1,0.9489,0.4559,0.9552,0.5765,0.9614,0.5696,0.9614,0.5689,0.9541,0.5820,13,"F18, F11, F13, F1, F20, F10, F14, F5, F17, F15, F12, F16, F2","{'C': 10, 'gamma': 'scale', 'kernel': 'rbf'}","{'n_neighbors': 3, 'weights': 'distance'}","{'max_depth': None, 'min_samples_split': 2}","{'max_depth': None, 'min_samples_split': 2, 'n_estimators': 100}","{'alpha': 0.0001, 'hidden_layer_sizes': (100, 50), 'learning_rate_init': 0.001}"
2,0.9406,0.4880,0.9541,0.6217,0.9604,0.6546,0.9593,0.5711,0.9531,0.5916,13,"F18, F11, F13, F1, F20, F10, F14, F5, F17, F15, F12, F16, F2","{'C': 10, 'gamma': 'scale', 'kernel': 'rbf'}","{'n_neighbors': 3, 'weights': 'distance'}","{'max_depth': 20, 'min_samples_split': 2}","{'max_depth': 20, 'min_samples_split': 2, 'n_estimators': 100}","{'alpha': 0.0001, 'hidden_layer_sizes': (100, 50), 'learning_rate_init': 0.01}"
3,0.9416,0.4756,0.9520,0.6201,0.9552,0.5511,0.9572,0.5715,0.9562,0.6080,13,"F18, F11, F13, F1, F14, F10, F20, F5, F17, F15, F12, F16, F2","{'C': 10, 'gamma': 'scale', 'kernel': 'rbf'}","{'n_neighbors': 3, 'weights': 'distance'}","{'max_depth': 20, 'min_samples_split': 2}","{'max_depth': 20, 'min_samples_split': 2, 'n_estimators': 100}","{'alpha': 0.001, 'hidden_layer_sizes': (50,), 'learning_rate_init': 0.01}"
4,0.9489,0.4981,0.9593,0.6085,0.9551,0.5418,0.9635,0.6186,0.9582,0.5393,13,"F18, F11, F13, F1, F20, F10, F14, F5, F17, F15, F12, F16, F2","{'C': 10, 'gamma': 'scale', 'kernel': 'rbf'}","{'n_neighbors': 3, 'weights': 'distance'}","{'max_depth': None, 'min_samples_split': 2}","{'max_depth': 20, 'min_samples_split': 2, 'n_estimators': 100}","{'alpha': 0.001, 'hidden_layer_sizes': (100, 50), 'learning_rate_init': 0.001}"
5,0.9332,0.5119,0.9499,0.5749,0.9551,0.6351,0.9593,0.6554,0.9478,0.4696,13,"F18, F11, F13, F1, F14, F10, F20, F5, F17, F15, F12, F2, F16","{'C': 10, 'gamma': 'scale', 'kernel': 'rbf'}","{'n_neighbors': 7, 'weights': 'distance'}","{'max_depth': None, 'min_samples_split': 2}","{'max_depth': None, 'min_samples_split': 2, 'n_estimators': 100}","{'alpha': 0.001, 'hidden_layer_sizes': (100, 50), 'learning_rate_init': 0.01}"
6,0.9603,0.5670,0.9603,0.6083,0.9708,0.5822,0.9718,0.6146,0.9614,0.5414,13,"F18, F11, F13, F1, F20, F10, F14, F5, F17, F15, F12, F16, F2","{'C': 10, 'gamma': 'scale', 'kernel': 'rbf'}","{'n_neighbors': 7, 'weights': 'distance'}","{'max_depth': None, 'min_samples_split': 10}","{'max_depth': 20, 'min_samples_split': 2, 'n_estimators': 200}","{'alpha': 0.001, 'hidden_layer_sizes': (100, 50), 'learning_rate_init': 0.01}"
7,0.9468,0.4603,0.9593,0.6643,0.9593,0.6660,0.9572,0.5751,0.9541,0.4974,13,"F18, F11, F13, F1, F14, F10, F20, F5, F17, F15, F12, F2, F16","{'C': 10, 'gamma': 'scale', 'kernel': 'rbf'}","{'n_neighbors': 3, 'weights': 'distance'}","{'max_depth': 10, 'min_samples_split': 2}","{'max_depth': None, 'min_samples_split': 2, 'n_estimators': 200}","{'alpha': 0.001, 'hidden_layer_sizes': (100, 50), 'learning_rate_init': 0.01}"
8,0.9426,0.5273,0.9499,0.5744,0.9551,0.5881,0.9614,0.6483,0.9478,0.5758,13,"F18, F11, F13, F1, F14, F10, F20, F5, F17, F15, F12, F16, F2","{'C': 10, 'gamma': 'auto', 'kernel': 'rbf'}","{'n_neighbors': 7, 'weights': 'distance'}","{'max_depth': 20, 'min_samples_split': 2}","{'max_depth': None, 'min_samples_split': 2, 'n_estimators': 100}","{'alpha': 0.0001, 'hidden_layer_sizes': (100, 50), 'learning_rate_init': 0.01}"
9,0.9280,0.4432,0.9415,0.5278,0.9509,0.6041,0.9478,0.5588,0.9426,0.4657,13,"F18, F11, F13, F1, F14, F10, F20, F5, F17, F15, F12, F16, F2","{'C': 10, 'gamma': 'scale', 'kernel': 'rbf'}","{'n_neighbors': 9, 'weights': 'distance'}","{'max_depth': 10, 'min_samples_split': 5}","{'max_depth': None, 'min_samples_split': 5, 'n_estimators': 100}","{'alpha': 0.0001, 'hidden_layer_sizes': (100, 50), 'learning_rate_init': 0.01}"
10,0.9541,0.5415,0.9656,0.6459,0.9666,0.6565,0.9666,0.6579,0.9582,0.6162,13,"F18, F11, F13, F1, F20, F10, F14, F5, F17, F15, F12, F16, F2","{'C': 10, 'gamma': 'auto', 'kernel': 'rbf'}","{'n_neighbors': 7, 'weights': 'distance'}","{'max_depth': 20, 'min_samples_split': 10}","{'max_depth': 20, 'min_samples_split': 2, 'n_estimators': 100}","{'alpha': 0.001, 'hidden_layer_sizes': (50,), 'learning_rate_init': 0.01}"
1,0.8947,0.5333,0.8999,0.5782,0.9041,0.6077,0.9062,0.5718,0.9041,0.6065,13,"F1, F13, F18, F11, F5, F15, F10, F20, F14, F12, F2, F17, F16","{'C': 10, 'gamma': 'scale', 'kernel': 'rbf'}","{'n_neighbors': 3, 'weights': 'distance'}","{'max_depth': 20, 'min_samples_split': 2}","{'max_depth': 20, 'min_samples_split': 2, 'n_estimators': 200}","{'alpha': 0.001, 'hidden_layer_sizes': (100, 50), 'learning_rate_init': 0.001}"
2,0.8863,0.5268,0.8916,0.6030,0.8832,0.5619,0.9030,0.6352,0.8895,0.5228,13,"F1, F13, F18, F11, F5, F15, F10, F14, F20, F12, F2, F17, F16","{'C': 10, 'gamma': 'auto', 'kernel': 'rbf'}","{'n_neighbors': 3, 'weights': 'distance'}","{'max_depth': 20, 'min_samples_split': 2}","{'max_depth': 20, 'min_samples_split': 2, 'n_estimators': 200}","{'alpha': 0.001, 'hidden_layer_sizes': (100, 50), 'learning_rate_init': 0.01}"
3,0.8759,0.5465,0.8843,0.6193,0.8822,0.5819,0.8822,0.5945,0.8895,0.6041,13,"F1, F13, F18, F11, F10, F5, F15, F14, F20, F12, F2, F17, F16","{'C': 10, 'gamma': 'scale', 'kernel': 'rbf'}","{'n_neighbors': 3, 'weights': 'distance'}","{'max_depth': None, 'min_samples_split': 10}","{'max_depth': 20, 'min_samples_split': 5, 'n_estimators': 200}","{'alpha': 0.001, 'hidden_layer_sizes': (100, 50), 'learning_rate_init': 0.001}"
4,0.8768,0.5569,0.8727,0.5656,0.8727,0.5631,0.8758,0.5623,0.8727,0.5103,13,"F1, F13, F18, F11, F10, F5, F15, F20, F14, F12, F2, F17, F16","{'C': 10, 'gamma': 'scale', 'kernel': 'rbf'}","{'n_neighbors': 3, 'weights': 'distance'}","{'max_depth': None, 'min_samples_split': 2}","{'max_depth': None, 'min_samples_split': 2, 'n_estimators': 100}","{'alpha': 0.001, 'hidden_layer_sizes': (100, 50), 'learning_rate_init': 0.001}"
5,0.8914,0.5555,0.8956,0.5994,0.8841,0.5610,0.8977,0.6081,0.8883,0.5309,13,"F18, F11, F1, F13, F10, F5, F15, F14, F20, F12, F2, F17, F16","{'C': 10, 'gamma': 'scale', 'kernel': 'rbf'}","{'n_neighbors': 3, 'weights': 'distance'}","{'max_depth': 10, 'min_samples_split': 10}","{'max_depth': 20, 'min_samples_split': 2, 'n_estimators': 100}","{'alpha': 0.0001, 'hidden_layer_sizes': (50,), 'learning_rate_init': 0.01}"
6,0.8820,0.5668,0.8925,0.6008,0.8894,0.5912,0.8904,0.5968,0.8852,0.5650,13,"F18, F11, F1, F13, F5, F15, F10, F20, F14, F12, F2, F17, F16","{'C': 10, 'gamma': 'auto', 'kernel': 'rbf'}","{'n_neighbors': 3, 'weights': 'distance'}","{'max_depth': None, 'min_samples_split': 2}","{'max_depth': 20, 'min_samples_split': 2, 'n_estimators': 200}","{'alpha': 0.0001, 'hidden_layer_sizes': (100, 50), 'learning_rate_init': 0.01}"
7,0.8737,0.5300,0.8810,0.5708,0.8883,0.5856,0.8998,0.6203,0.8800,0.5429,13,"F18, F11, F1, F13, F10, F5, F15, F14, F20, F12, F2, F17, F16","{'C': 10, 'gamma': 'scale', 'kernel': 'rbf'}","{'n_neighbors': 7, 'weights': 'distance'}","{'max_depth': 20, 'min_samples_split': 10}","{'max_depth': 20, 'min_samples_split': 2, 'n_estimators': 100}","{'alpha': 0.001, 'hidden_layer_sizes': (100, 50), 'learning_rate_init': 0.001}"
8,0.8883,0.5375,0.8977,0.5662,0.8977,0.5518,0.9050,0.5710,0.8967,0.5685,13,"F18, F11, F1, F13, F15, F5, F10, F14, F20, F12, F2, F17, F16","{'C': 10, 'gamma': 'auto', 'kernel': 'rbf'}","{'n_neighbors': 3, 'weights': 'distance'}","{'max_depth': None, 'min_samples_split': 5}","{'max_depth': None, 'min_samples_split': 2, 'n_estimators': 100}","{'alpha': 0.0001, 'hidden_layer_sizes': (100, 50), 'learning_rate_init': 0.001}"
9,0.8883,0.5595,0.8956,0.5964,0.8946,0.6177,0.8935,0.5981,0.8998,0.5746,13,"F1, F12, F11, F18, F5, F15, F10, F13, F20, F14, F2, F17, F16","{'C': 10, 'gamma': 'auto', 'kernel': 'rbf'}","{'n_neighbors': 3, 'weights': 'distance'}","{'max_depth': 20, 'min_samples_split': 2}","{'max_depth': 20, 'min_samples_split': 2, 'n_estimators': 100}","{'alpha': 0.0001, 'hidden_layer_sizes': (100, 50), 'learning_rate_init': 0.001}"
10,0.8935,0.5541,0.8987,0.6205,0.8967,0.6037,0.8987,0.6082,0.9061,0.6052,13,"F1, F15, F11, F18, F13, F5, F10, F14, F20, F12, F2, F17, F16","{'C': 10, 'gamma': 'scale', 'kernel': 'rbf'}","{'n_neighbors': 3, 'weights': 'distance'}","{'max_depth': 20, 'min_samples_split': 10}","{'max_depth': None, 'min_samples_split': 2, 'n_estimators': 200}","{'alpha': 0.0001, 'hidden_layer_sizes': (100, 50), 'learning_rate_init': 0.001}"
1,0.8717,0.4934,0.8530,0.4633,0.8676,0.5213,0.8644,0.5124,0.8644,0.4672,13,"F1, F12, F11, F14, F5, F18, F15, F10, F20, F13, F17, F16, F2","{'C': 10, 'gamma': 'auto', 'kernel': 'rbf'}","{'n_neighbors': 3, 'weights': 'uniform'}","{'max_depth': 10, 'min_samples_split': 2}","{'max_depth': None, 'min_samples_split': 5, 'n_estimators': 200}","{'alpha': 0.0001, 'hidden_layer_sizes': (100, 50), 'learning_rate_init': 0.01}"
2,0.8811,0.4548,0.8738,0.4805,0.8780,0.4327,0.8822,0.4754,0.8780,0.4717,13,"F1, F12, F11, F14, F5, F18, F10, F15, F20, F13, F17, F16, F2","{'C': 10, 'gamma': 'scale', 'kernel': 'rbf'}","{'n_neighbors': 3, 'weights': 'uniform'}","{'max_depth': None, 'min_samples_split': 2}","{'max_depth': None, 'min_samples_split': 5, 'n_estimators': 200}","{'alpha': 0.0001, 'hidden_layer_sizes': (50,), 'learning_rate_init': 0.01}"
3,0.8717,0.4315,0.8728,0.4828,0.8655,0.4759,0.8738,0.4949,0.8665,0.4416,13,"F1, F13, F20, F11, F5, F18, F10, F15, F14, F17, F12, F16, F2","{'C': 10, 'gamma': 'scale', 'kernel': 'rbf'}","{'n_neighbors': 7, 'weights': 'distance'}","{'max_depth': None, 'min_samples_split': 2}","{'max_depth': None, 'min_samples_split': 5, 'n_estimators': 200}","{'alpha': 0.0001, 'hidden_layer_sizes': (100, 50), 'learning_rate_init': 0.01}"
4,0.8695,0.4686,0.8674,0.5153,0.8810,0.5778,0.8789,0.5271,0.8737,0.5536,13,"F1, F12, F11, F14, F5, F18, F15, F10, F20, F13, F17, F16, F2","{'C': 10, 'gamma': 'auto', 'kernel': 'rbf'}","{'n_neighbors': 3, 'weights': 'uniform'}","{'max_depth': 10, 'min_samples_split': 5}","{'max_depth': 20, 'min_samples_split': 5, 'n_estimators': 200}","{'alpha': 0.0001, 'hidden_layer_sizes': (100, 50), 'learning_rate_init': 0.001}"
5,0.8643,0.4178,0.8674,0.4967,0.8758,0.5437,0.8768,0.5460,0.8727,0.5356,13,"F1, F15, F11, F18, F13, F5, F14, F10, F20, F17, F12, F16, F2","{'C': 10, 'gamma': 'scale', 'kernel': 'rbf'}","{'n_neighbors': 3, 'weights': 'distance'}","{'max_depth': None, 'min_samples_split': 2}","{'max_depth': 20, 'min_samples_split': 2, 'n_estimators': 200}","{'alpha': 0.001, 'hidden_layer_sizes': (100, 50), 'learning_rate_init': 0.001}"
6,0.8466,0.4598,0.8351,0.4299,0.8445,0.4876,0.8643,0.5416,0.8392,0.4568,13,"F1, F13, F20, F11, F5, F18, F10, F15, F14, F17, F12, F16, F2","{'C': 10, 'gamma': 'auto', 'kernel': 'rbf'}","{'n_neighbors': 3, 'weights': 'uniform'}","{'max_depth': 20, 'min_samples_split': 2}","{'max_depth': 20, 'min_samples_split': 5, 'n_estimators': 100}","{'alpha': 0.0001, 'hidden_layer_sizes': (100, 50), 'learning_rate_init': 0.01}"
7,0.8466,0.4412,0.8507,0.4919,0.8549,0.5239,0.8539,0.4686,0.8486,0.4671,13,"F1, F12, F11, F20, F5, F18, F15, F10, F14, F13, F17, F16, F2","{'C': 10, 'gamma': 'auto', 'kernel': 'rbf'}","{'n_neighbors': 3, 'weights': 'uniform'}","{'max_depth': 10, 'min_samples_split': 2}","{'max_depth': 10, 'min_samples_split': 5, 'n_estimators': 100}","{'alpha': 0.001, 'hidden_layer_sizes': (100, 50), 'learning_rate_init': 0.001}"
8,0.8413,0.3981,0.8486,0.5241,0.8351,0.5159,0.8434,0.4997,0.8330,0.4361,13,"F1, F13, F14, F11, F5, F18, F10, F15, F20, F17, F12, F2, F16","{'C': 10, 'gamma': 'auto', 'kernel': 'rbf'}","{'n_neighbors': 3, 'weights': 'uniform'}","{'max_depth': None, 'min_samples_split': 2}","{'max_depth': 20, 'min_samples_split': 5, 'n_estimators': 100}","{'alpha': 0.0001, 'hidden_layer_sizes': (100,), 'learning_rate_init': 0.001}"
9,0.8758,0.4768,0.8768,0.4771,0.8914,0.5468,0.8841,0.5244,0.8716,0.4934,13,"F1, F12, F11, F20, F5, F18, F10, F15, F14, F13, F17, F16, F2","{'C': 10, 'gamma': 'auto', 'kernel': 'rbf'}","{'n_neighbors': 3, 'weights': 'uniform'}","{'max_depth': 20, 'min_samples_split': 2}","{'max_depth': 20, 'min_samples_split': 2, 'n_estimators': 100}","{'alpha': 0.001, 'hidden_layer_sizes': (100, 50), 'learning_rate_init': 0.01}"
10,0.8685,0.4175,0.8716,0.4687,0.8747,0.4966,0.8747,0.5024,0.8789,0.5079,13,"F1, F15, F11, F18, F13, F5, F20, F10, F14, F17, F12, F16, F2","{'C': 10, 'gamma': 'scale', 'kernel': 'rbf'}","{'n_neighbors': 5, 'weights': 'distance'}","{'max_depth': None, 'min_samples_split': 2}","{'max_depth': 20, 'min_samples_split': 2, 'n_estimators': 100}","{'alpha': 0.001, 'hidden_layer_sizes': (100, 50), 'learning_rate_init': 0.01}"
1,0.9614,0.9470,0.9844,0.9681,1.0000,1.0000,1.0000,1.0000,0.9802,0.9680,16,"F4, F15, F6, F8, F1, F10, F17, F13, F18, F11, F5, F20, F14, F12, F16, F2","{'C': 10, 'gamma': 'scale', 'kernel': 'rbf'}","{'n_neighbors': 5, 'weights': 'distance'}","{'max_depth': None, 'min_samples_split': 2}","{'max_depth': None, 'min_samples_split': 2, 'n_estimators': 100}","{'alpha': 0.001, 'hidden_layer_sizes': (100,), 'learning_rate_init': 0.01}"
2,0.9771,0.9744,0.9844,0.9697,0.9990,0.9861,1.0000,1.0000,0.9937,0.9903,16,"F6, F12, F8, F4, F1, F17, F11, F18, F5, F10, F13, F20, F14, F15, F16, F2","{'C': 10, 'gamma': 'auto', 'kernel': 'rbf'}","{'n_neighbors': 5, 'weights': 'distance'}","{'max_depth': None, 'min_samples_split': 2}","{'max_depth': None, 'min_samples_split': 5, 'n_estimators': 100}","{'alpha': 0.001, 'hidden_layer_sizes': (100, 50), 'learning_rate_init': 0.001}"
3,0.9771,0.9534,0.9823,0.9508,1.0000,1.0000,1.0000,1.0000,0.9979,0.9888,16,"F6, F10, F8, F4, F17, F1, F13, F18, F5, F11, F20, F14, F15, F12, F16, F2","{'C': 10, 'gamma': 'scale', 'kernel': 'rbf'}","{'n_neighbors': 3, 'weights': 'distance'}","{'max_depth': None, 'min_samples_split': 2}","{'max_depth': 20, 'min_samples_split': 2, 'n_estimators': 200}","{'alpha': 0.0001, 'hidden_layer_sizes': (100, 50), 'learning_rate_init': 0.001}"
4,0.9676,0.9539,0.9864,0.9864,1.0000,1.0000,1.0000,1.0000,0.9854,0.9845,16,"F6, F8, F4, F10, F17, F1, F13, F18, F5, F11, F20, F15, F14, F12, F16, F2","{'C': 10, 'gamma': 'scale', 'kernel': 'rbf'}","{'n_neighbors': 3, 'weights': 'distance'}","{'max_depth': None, 'min_samples_split': 2}","{'max_depth': None, 'min_samples_split': 2, 'n_estimators': 200}","{'alpha': 0.001, 'hidden_layer_sizes': (100,), 'learning_rate_init': 0.001}"
5,0.9656,0.9658,0.9854,0.9673,1.0000,1.0000,1.0000,1.0000,0.9937,0.9942,16,"F6, F10, F8, F4, F17, F1, F13, F18, F5, F11, F20, F14, F15, F12, F16, F2","{'C': 10, 'gamma': 'scale', 'kernel': 'rbf'}","{'n_neighbors': 5, 'weights': 'distance'}","{'max_depth': None, 'min_samples_split': 2}","{'max_depth': None, 'min_samples_split': 2, 'n_estimators': 100}","{'alpha': 0.0001, 'hidden_layer_sizes': (100, 50), 'learning_rate_init': 0.001}"
6,0.9770,0.9650,0.9875,0.9820,1.0000,1.0000,0.9990,0.9989,0.9916,0.9868,16,"F4, F10, F6, F8, F17, F1, F13, F18, F5, F11, F20, F14, F15, F12, F16, F2","{'C': 10, 'gamma': 'scale', 'kernel': 'rbf'}","{'n_neighbors': 5, 'weights': 'distance'}","{'max_depth': None, 'min_samples_split': 2}","{'max_depth': None, 'min_samples_split': 5, 'n_estimators': 200}","{'alpha': 0.001, 'hidden_layer_sizes': (100, 50), 'learning_rate_init': 0.01}"
7,0.9791,0.9754,0.9823,0.9803,1.0000,1.0000,1.0000,1.0000,0.9927,0.9918,16,"F4, F10, F6, F8, F17, F1, F13, F18, F5, F11, F20, F14, F15, F12, F16, F2","{'C': 10, 'gamma': 'scale', 'kernel': 'rbf'}","{'n_neighbors': 5, 'weights': 'distance'}","{'max_depth': None, 'min_samples_split': 2}","{'max_depth': None, 'min_samples_split': 2, 'n_estimators': 100}","{'alpha': 0.001, 'hidden_layer_sizes': (100, 50), 'learning_rate_init': 0.001}"
8,0.9802,0.9522,0.9864,0.9648,1.0000,1.0000,1.0000,1.0000,0.9885,0.9611,16,"F4, F10, F6, F8, F17, F1, F13, F18, F5, F11, F20, F14, F15, F12, F16, F2","{'C': 10, 'gamma': 'scale', 'kernel': 'rbf'}","{'n_neighbors': 3, 'weights': 'distance'}","{'max_depth': None, 'min_samples_split': 2}","{'max_depth': None, 'min_samples_split': 2, 'n_estimators': 100}","{'alpha': 0.001, 'hidden_layer_sizes': (100, 50), 'learning_rate_init': 0.001}"
9,0.9749,0.9469,0.9875,0.9576,1.0000,1.0000,1.0000,1.0000,0.9916,0.9543,16,"F6, F4, F8, F10, F17, F1, F13, F18, F5, F11, F20, F14, F15, F12, F16, F2","{'C': 10, 'gamma': 'scale', 'kernel': 'rbf'}","{'n_neighbors': 5, 'weights': 'distance'}","{'max_depth': None, 'min_samples_split': 5}","{'max_depth': None, 'min_samples_split': 2, 'n_estimators': 100}","{'alpha': 0.0001, 'hidden_layer_sizes': (100, 50), 'learning_rate_init': 0.001}"
10,0.9687,0.9625,0.9781,0.8813,1.0000,1.0000,0.9990,0.9990,0.9885,0.9849,16,"F6, F8, F4, F10, F17, F1, F13, F18, F11, F5, F20, F14, F15, F12, F16, F2","{'C': 10, 'gamma': 'scale', 'kernel': 'rbf'}","{'n_neighbors': 3, 'weights': 'distance'}","{'max_depth': None, 'min_samples_split': 2}","{'max_depth': None, 'min_samples_split': 2, 'n_estimators': 100}","{'alpha': 0.0001, 'hidden_layer_sizes': (100, 50), 'learning_rate_init': 0.001}"
1,0.9614,0.9470,0.9844,0.9681,1.0000,1.0000,1.0000,1.0000,0.9875,0.9797,16,"F4, F15, F6, F8, F1, F10, F17, F13, F18, F11, F5, F20, F14, F12, F16, F2","{'C': 10, 'gamma': 'scale', 'kernel': 'rbf'}","{'n_neighbors': 5, 'weights': 'distance'}","{'max_depth': None, 'min_samples_split': 2}","{'max_depth': 20, 'min_samples_split': 2, 'n_estimators': 100}","{'alpha': 0.001, 'hidden_layer_sizes': (100, 50), 'learning_rate_init': 0.001}"
2,0.9771,0.9744,0.9844,0.9697,0.9990,0.9861,1.0000,1.0000,0.9896,0.9864,16,"F6, F12, F8, F4, F1, F17, F11, F18, F5, F10, F13, F20, F14, F15, F16, F2","{'C': 10, 'gamma': 'auto', 'kernel': 'rbf'}","{'n_neighbors': 5, 'weights': 'distance'}","{'max_depth': None, 'min_samples_split': 2}","{'max_depth': None, 'min_samples_split': 2, 'n_estimators': 100}","{'alpha': 0.0001, 'hidden_layer_sizes': (50,), 'learning_rate_init': 0.01}"
3,0.9771,0.9534,0.9823,0.9508,1.0000,1.0000,1.0000,1.0000,0.9969,0.9968,16,"F6, F10, F8, F4, F17, F1, F13, F18, F5, F11, F20, F14, F15, F12, F16, F2","{'C': 10, 'gamma': 'scale', 'kernel': 'rbf'}","{'n_neighbors': 3, 'weights': 'distance'}","{'max_depth': None, 'min_samples_split': 2}","{'max_depth': 20, 'min_samples_split': 2, 'n_estimators': 100}","{'alpha': 0.001, 'hidden_layer_sizes': (100, 50), 'learning_rate_init': 0.01}"
4,0.9676,0.9539,0.9864,0.9864,1.0000,1.0000,1.0000,1.0000,0.9885,0.9883,16,"F6, F8, F4, F10, F17, F1, F13, F18, F5, F11, F20, F15, F14, F12, F16, F2","{'C': 10, 'gamma': 'scale', 'kernel': 'rbf'}","{'n_neighbors': 3, 'weights': 'distance'}","{'max_depth': None, 'min_samples_split': 2}","{'max_depth': 20, 'min_samples_split': 5, 'n_estimators': 100}","{'alpha': 0.001, 'hidden_layer_sizes': (100, 50), 'learning_rate_init': 0.001}"
5,0.9656,0.9658,0.9854,0.9673,1.0000,1.0000,0.9990,0.9990,0.9927,0.9932,16,"F6, F10, F8, F4, F17, F1, F13, F18, F5, F11, F20, F14, F15, F12, F16, F2","{'C': 10, 'gamma': 'scale', 'kernel': 'rbf'}","{'n_neighbors': 5, 'weights': 'distance'}","{'max_depth': None, 'min_samples_split': 5}","{'max_depth': None, 'min_samples_split': 2, 'n_estimators': 100}","{'alpha': 0.0001, 'hidden_layer_sizes': (100, 50), 'learning_rate_init': 0.001}"
6,0.9770,0.9650,0.9875,0.9820,1.0000,1.0000,1.0000,1.0000,0.9906,0.9901,16,"F4, F10, F6, F8, F17, F1, F13, F18, F5, F11, F20, F14, F15, F12, F16, F2","{'C': 10, 'gamma': 'scale', 'kernel': 'rbf'}","{'n_neighbors': 5, 'weights': 'distance'}","{'max_depth': None, 'min_samples_split': 2}","{'max_depth': None, 'min_samples_split': 2, 'n_estimators': 100}","{'alpha': 0.001, 'hidden_layer_sizes': (100, 50), 'learning_rate_init': 0.001}"
7,0.9791,0.9754,0.9823,0.9803,1.0000,1.0000,1.0000,1.0000,0.9916,0.9906,16,"F4, F10, F6, F8, F17, F1, F13, F18, F5, F11, F20, F14, F15, F12, F16, F2","{'C': 10, 'gamma': 'scale', 'kernel': 'rbf'}","{'n_neighbors': 5, 'weights': 'distance'}","{'max_depth': None, 'min_samples_split': 5}","{'max_depth': None, 'min_samples_split': 2, 'n_estimators': 100}","{'alpha': 0.0001, 'hidden_layer_sizes': (100, 50), 'learning_rate_init': 0.001}"
8,0.9802,0.9522,0.9864,0.9648,1.0000,1.0000,1.0000,1.0000,0.9875,0.9601,16,"F4, F10, F6, F8, F17, F1, F13, F18, F5, F11, F20, F14, F15, F12, F16, F2","{'C': 10, 'gamma': 'scale', 'kernel': 'rbf'}","{'n_neighbors': 3, 'weights': 'distance'}","{'max_depth': None, 'min_samples_split': 2}","{'max_depth': None, 'min_samples_split': 2, 'n_estimators': 100}","{'alpha': 0.001, 'hidden_layer_sizes': (100,), 'learning_rate_init': 0.001}"
9,0.9749,0.9469,0.9875,0.9576,1.0000,1.0000,1.0000,1.0000,0.9843,0.9600,16,"F6, F4, F8, F10, F17, F1, F13, F18, F5, F11, F20, F14, F15, F12, F16, F2","{'C': 10, 'gamma': 'scale', 'kernel': 'rbf'}","{'n_neighbors': 5, 'weights': 'distance'}","{'max_depth': None, 'min_samples_split': 2}","{'max_depth': None, 'min_samples_split': 5, 'n_estimators': 200}","{'alpha': 0.0001, 'hidden_layer_sizes': (100, 50), 'learning_rate_init': 0.01}"
10,0.9687,0.9625,0.9781,0.8813,1.0000,1.0000,1.0000,1.0000,0.9927,0.9892,16,"F6, F8, F4, F10, F17, F1, F13, F18, F11, F5, F20, F14, F15, F12, F16, F2","{'C': 10, 'gamma': 'scale', 'kernel': 'rbf'}","{'n_neighbors': 3, 'weights': 'distance'}","{'max_depth': None, 'min_samples_split': 2}","{'max_depth': None, 'min_samples_split': 5, 'n_estimators': 100}","{'alpha': 0.0001, 'hidden_layer_sizes': (100, 50), 'learning_rate_init': 0.001}"
1,0.9739,0.9645,0.9875,0.9678,1.0000,1.0000,1.0000,1.0000,0.9969,0.9960,13,"F17, F10, F1, F13, F18, F11, F5, F20, F14, F15, F12, F16, F2","{'C': 10, 'gamma': 'scale', 'kernel': 'rbf'}","{'n_neighbors': 3, 'weights': 'distance'}","{'max_depth': None, 'min_samples_split': 2}","{'max_depth': None, 'min_samples_split': 2, 'n_estimators': 100}","{'alpha': 0.001, 'hidden_layer_sizes': (100, 50), 'learning_rate_init': 0.001}"
2,0.9791,0.9676,0.9927,0.9905,1.0000,1.0000,1.0000,1.0000,0.9833,0.9776,13,"F17, F10, F1, F13, F18, F11, F5, F20, F14, F15, F12, F16, F2","{'C': 10, 'gamma': 'scale', 'kernel': 'rbf'}","{'n_neighbors': 3, 'weights': 'distance'}","{'max_depth': None, 'min_samples_split': 2}","{'max_depth': 20, 'min_samples_split': 2, 'n_estimators': 100}","{'alpha': 0.001, 'hidden_layer_sizes': (50,), 'learning_rate_init': 0.01}"
3,0.9760,0.7248,0.9823,0.7289,1.0000,1.0000,1.0000,1.0000,0.9875,0.9873,13,"F17, F10, F1, F13, F18, F11, F5, F20, F15, F14, F12, F16, F2","{'C': 10, 'gamma': 'scale', 'kernel': 'rbf'}","{'n_neighbors': 5, 'weights': 'distance'}","{'max_depth': None, 'min_samples_split': 2}","{'max_depth': None, 'min_samples_split': 2, 'n_estimators': 200}","{'alpha': 0.001, 'hidden_layer_sizes': (100, 50), 'learning_rate_init': 0.001}"
4,0.9687,0.9519,0.9916,0.9882,1.0000,1.0000,1.0000,1.0000,0.9843,0.7340,13,"F17, F10, F1, F13, F18, F5, F11, F20, F15, F14, F12, F16, F2","{'C': 10, 'gamma': 'scale', 'kernel': 'rbf'}","{'n_neighbors': 5, 'weights': 'distance'}","{'max_depth': None, 'min_samples_split': 2}","{'max_depth': None, 'min_samples_split': 2, 'n_estimators': 100}","{'alpha': 0.001, 'hidden_layer_sizes': (100, 50), 'learning_rate_init': 0.01}"
5,0.9770,0.9699,0.9864,0.7317,1.0000,1.0000,1.0000,1.0000,0.9937,0.9910,13,"F17, F10, F1, F13, F18, F11, F5, F20, F14, F15, F12, F16, F2","{'C': 10, 'gamma': 'scale', 'kernel': 'rbf'}","{'n_neighbors': 3, 'weights': 'distance'}","{'max_depth': None, 'min_samples_split': 2}","{'max_depth': 20, 'min_samples_split': 2, 'n_estimators': 100}","{'alpha': 0.0001, 'hidden_layer_sizes': (100, 50), 'learning_rate_init': 0.001}"
6,0.9697,0.7155,0.9854,0.7153,1.0000,1.0000,1.0000,1.0000,0.9906,0.9861,13,"F17, F10, F1, F13, F18, F11, F5, F14, F15, F20, F12, F16, F2","{'C': 10, 'gamma': 'auto', 'kernel': 'rbf'}","{'n_neighbors': 5, 'weights': 'distance'}","{'max_depth': None, 'min_samples_split': 2}","{'max_depth': 20, 'min_samples_split': 2, 'n_estimators': 100}","{'alpha': 0.001, 'hidden_layer_sizes': (100, 50), 'learning_rate_init': 0.001}"
7,0.9635,0.9506,0.9823,0.8882,1.0000,1.0000,1.0000,1.0000,0.9854,0.9820,13,"F17, F10, F1, F13, F18, F11, F5, F20, F15, F14, F12, F16, F2","{'C': 10, 'gamma': 'auto', 'kernel': 'rbf'}","{'n_neighbors': 3, 'weights': 'distance'}","{'max_depth': None, 'min_samples_split': 2}","{'max_depth': None, 'min_samples_split': 2, 'n_estimators': 100}","{'alpha': 0.001, 'hidden_layer_sizes': (100, 50), 'learning_rate_init': 0.001}"
8,0.9718,0.7149,0.9833,0.7217,1.0000,1.0000,1.0000,1.0000,0.9864,0.7305,13,"F17, F10, F1, F13, F18, F11, F5, F14, F20, F15, F12, F16, F2","{'C': 10, 'gamma': 'scale', 'kernel': 'rbf'}","{'n_neighbors': 5, 'weights': 'distance'}","{'max_depth': None, 'min_samples_split': 2}","{'max_depth': None, 'min_samples_split': 2, 'n_estimators': 200}","{'alpha': 0.0001, 'hidden_layer_sizes': (100,), 'learning_rate_init': 0.001}"
9,0.9708,0.9663,0.9864,0.9773,1.0000,1.0000,1.0000,1.0000,0.9885,0.9896,13,"F17, F10, F1, F13, F18, F11, F5, F14, F20, F15, F12, F16, F2","{'C': 10, 'gamma': 'auto', 'kernel': 'rbf'}","{'n_neighbors': 3, 'weights': 'distance'}","{'max_depth': 10, 'min_samples_split': 2}","{'max_depth': None, 'min_samples_split': 2, 'n_estimators': 200}","{'alpha': 0.0001, 'hidden_layer_sizes': (100, 50), 'learning_rate_init': 0.001}"
10,0.9739,0.7119,0.9760,0.7148,1.0000,1.0000,0.9990,0.9990,0.9916,0.9798,13,"F17, F10, F1, F13, F18, F11, F5, F14, F20, F15, F12, F16, F2","{'C': 10, 'gamma': 'scale', 'kernel': 'rbf'}","{'n_neighbors': 3, 'weights': 'uniform'}","{'max_depth': None, 'min_samples_split': 2}","{'max_depth': None, 'min_samples_split': 2, 'n_estimators': 200}","{'alpha': 0.0001, 'hidden_layer_sizes': (100, 50), 'learning_rate_init': 0.001}"
1,0.9739,0.9645,0.9875,0.9678,1.0000,1.0000,0.9990,0.9987,0.9844,0.9793,13,"F17, F10, F1, F13, F18, F11, F5, F20, F14, F15, F12, F16, F2","{'C': 10, 'gamma': 'scale', 'kernel': 'rbf'}","{'n_neighbors': 3, 'weights': 'distance'}","{'max_depth': None, 'min_samples_split': 2}","{'max_depth': None, 'min_samples_split': 2, 'n_estimators': 100}","{'alpha': 0.0001, 'hidden_layer_sizes': (100,), 'learning_rate_init': 0.001}"
2,0.9791,0.9676,0.9927,0.9905,1.0000,1.0000,1.0000,1.0000,0.9969,0.9959,13,"F17, F10, F1, F13, F18, F11, F5, F20, F14, F15, F12, F16, F2","{'C': 10, 'gamma': 'scale', 'kernel': 'rbf'}","{'n_neighbors': 3, 'weights': 'distance'}","{'max_depth': None, 'min_samples_split': 2}","{'max_depth': 20, 'min_samples_split': 2, 'n_estimators': 100}","{'alpha': 0.0001, 'hidden_layer_sizes': (100, 50), 'learning_rate_init': 0.001}"
3,0.9760,0.7248,0.9823,0.7289,1.0000,1.0000,1.0000,1.0000,0.9958,0.9957,13,"F17, F10, F1, F13, F18, F11, F5, F20, F15, F14, F12, F16, F2","{'C': 10, 'gamma': 'scale', 'kernel': 'rbf'}","{'n_neighbors': 5, 'weights': 'distance'}","{'max_depth': None, 'min_samples_split': 2}","{'max_depth': None, 'min_samples_split': 2, 'n_estimators': 100}","{'alpha': 0.0001, 'hidden_layer_sizes': (100, 50), 'learning_rate_init': 0.001}"
4,0.9687,0.9519,0.9916,0.9882,1.0000,1.0000,1.0000,1.0000,0.9916,0.9881,13,"F17, F10, F1, F13, F18, F5, F11, F20, F15, F14, F12, F16, F2","{'C': 10, 'gamma': 'scale', 'kernel': 'rbf'}","{'n_neighbors': 5, 'weights': 'distance'}","{'max_depth': None, 'min_samples_split': 2}","{'max_depth': None, 'min_samples_split': 2, 'n_estimators': 100}","{'alpha': 0.0001, 'hidden_layer_sizes': (100, 50), 'learning_rate_init': 0.001}"
5,0.9770,0.9699,0.9864,0.7317,1.0000,1.0000,1.0000,1.0000,0.9927,0.9900,13,"F17, F10, F1, F13, F18, F11, F5, F20, F14, F15, F12, F16, F2","{'C': 10, 'gamma': 'scale', 'kernel': 'rbf'}","{'n_neighbors': 3, 'weights': 'distance'}","{'max_depth': None, 'min_samples_split': 2}","{'max_depth': 20, 'min_samples_split': 2, 'n_estimators': 100}","{'alpha': 0.0001, 'hidden_layer_sizes': (100, 50), 'learning_rate_init': 0.001}"
6,0.9697,0.7155,0.9854,0.7153,1.0000,1.0000,1.0000,1.0000,0.9885,0.9839,13,"F17, F10, F1, F13, F18, F11, F5, F14, F15, F20, F12, F16, F2","{'C': 10, 'gamma': 'auto', 'kernel': 'rbf'}","{'n_neighbors': 5, 'weights': 'distance'}","{'max_depth': None, 'min_samples_split': 2}","{'max_depth': None, 'min_samples_split': 5, 'n_estimators': 200}","{'alpha': 0.0001, 'hidden_layer_sizes': (100, 50), 'learning_rate_init': 0.001}"
7,0.9635,0.9506,0.9823,0.8882,1.0000,1.0000,1.0000,1.0000,0.9969,0.9930,13,"F17, F10, F1, F13, F18, F11, F5, F20, F15, F14, F12, F16, F2","{'C': 10, 'gamma': 'auto', 'kernel': 'rbf'}","{'n_neighbors': 3, 'weights': 'distance'}","{'max_depth': None, 'min_samples_split': 2}","{'max_depth': None, 'min_samples_split': 2, 'n_estimators': 100}","{'alpha': 0.001, 'hidden_layer_sizes': (100, 50), 'learning_rate_init': 0.001}"
8,0.9718,0.7149,0.9833,0.7217,1.0000,1.0000,1.0000,1.0000,0.9843,0.7353,13,"F17, F10, F1, F13, F18, F11, F5, F14, F20, F15, F12, F16, F2","{'C': 10, 'gamma': 'scale', 'kernel': 'rbf'}","{'n_neighbors': 5, 'weights': 'distance'}","{'max_depth': None, 'min_samples_split': 2}","{'max_depth': 20, 'min_samples_split': 2, 'n_estimators': 200}","{'alpha': 0.001, 'hidden_layer_sizes': (50,), 'learning_rate_init': 0.001}"
9,0.9708,0.9663,0.9864,0.9773,1.0000,1.0000,0.9979,0.9981,0.9927,0.9934,13,"F17, F10, F1, F13, F18, F11, F5, F14, F20, F15, F12, F16, F2","{'C': 10, 'gamma': 'auto', 'kernel': 'rbf'}","{'n_neighbors': 3, 'weights': 'distance'}","{'max_depth': 10, 'min_samples_split': 2}","{'max_depth': 20, 'min_samples_split': 5, 'n_estimators': 200}","{'alpha': 0.001, 'hidden_layer_sizes': (100, 50), 'learning_rate_init': 0.001}"
10,0.9739,0.7119,0.9760,0.7148,1.0000,1.0000,1.0000,1.0000,0.9854,0.9820,13,"F17, F10, F1, F13, F18, F11, F5, F14, F20, F15, F12, F16, F2","{'C': 10, 'gamma': 'scale', 'kernel': 'rbf'}","{'n_neighbors': 3, 'weights': 'uniform'}","{'max_depth': None, 'min_samples_split': 2}","{'max_depth': None, 'min_samples_split': 2, 'n_estimators': 100}","{'alpha': 0.001, 'hidden_layer_sizes': (50,), 'learning_rate_init': 0.01}"
1,0.8715,0.3848,0.8812,0.4094,0.8800,0.4024,0.8800,0.4024,0.8776,0.4053,20,"F7, F20, F104, F241, F82, F80, F97, F265, F251, F91, F213, F252, F9, F94, F71, F146, F102, F47, F199, F137","{'C': 1, 'gamma': 'scale', 'kernel': 'rbf'}","{'n_neighbors': 7, 'weights': 'distance'}","{'max_depth': None, 'min_samples_split': 2}","{'max_depth': None, 'min_samples_split': 2, 'n_estimators': 200}","{'alpha': 0.0001, 'hidden_layer_sizes': (50,), 'learning_rate_init': 0.001}"
2,0.8836,0.4097,0.8836,0.4187,0.8848,0.4115,0.8848,0.4336,0.8896,0.4274,20,"F7, F20, F104, F241, F82, F80, F265, F251, F94, F91, F252, F213, F87, F146, F172, F47, F102, F137, F199, F186","{'C': 10, 'gamma': 'scale', 'kernel': 'rbf'}","{'n_neighbors': 9, 'weights': 'distance'}","{'max_depth': 20, 'min_samples_split': 2}","{'max_depth': None, 'min_samples_split': 5, 'n_estimators': 200}","{'alpha': 0.0001, 'hidden_layer_sizes': (100,), 'learning_rate_init': 0.001}"
3,0.8788,0.4595,0.8752,0.4524,0.8800,0.4636,0.8776,0.4478,0.8788,0.4524,20,"F7, F20, F104, F241, F80, F265, F82, F232, F251, F213, F252, F9, F91, F94, F146, F47, F102, F199, F137, F206","{'C': 1, 'gamma': 'scale', 'kernel': 'rbf'}","{'n_neighbors': 3, 'weights': 'distance'}","{'max_depth': None, 'min_samples_split': 2}","{'max_depth': None, 'min_samples_split': 2, 'n_estimators': 200}","{'alpha': 0.0001, 'hidden_layer_sizes': (50,), 'learning_rate_init': 0.001}"
4,0.8739,0.3778,0.8667,0.3750,0.8752,0.4074,0.8739,0.3757,0.8752,0.3764,20,"F7, F252, F104, F241, F82, F265, F172, F91, F251, F175, F213, F80, F9, F146, F47, F150, F20, F102, F199, F137","{'C': 10, 'gamma': 'scale', 'kernel': 'rbf'}","{'n_neighbors': 5, 'weights': 'distance'}","{'max_depth': None, 'min_samples_split': 2}","{'max_depth': None, 'min_samples_split': 5, 'n_estimators': 100}","{'alpha': 0.001, 'hidden_layer_sizes': (100,), 'learning_rate_init': 0.001}"
5,0.8655,0.4499,0.8619,0.4505,0.8655,0.4313,0.8655,0.4313,0.8643,0.4215,20,"F7, F20, F104, F80, F241, F265, F82, F91, F251, F232, F94, F252, F213, F9, F146, F102, F47, F199, F137, F186","{'C': 10, 'gamma': 'scale', 'kernel': 'rbf'}","{'n_neighbors': 3, 'weights': 'distance'}","{'max_depth': None, 'min_samples_split': 2}","{'max_depth': None, 'min_samples_split': 2, 'n_estimators': 200}","{'alpha': 0.001, 'hidden_layer_sizes': (100, 50), 'learning_rate_init': 0.001}"
6,0.8836,0.3892,0.8812,0.3355,0.8836,0.3892,0.8824,0.3807,0.8800,0.3289,20,"F7, F20, F104, F80, F241, F82, F265, F251, F91, F94, F213, F252, F87, F146, F223, F102, F47, F199, F137, F206","{'C': 10, 'gamma': 'scale', 'kernel': 'rbf'}","{'n_neighbors': 9, 'weights': 'distance'}","{'max_depth': None, 'min_samples_split': 5}","{'max_depth': None, 'min_samples_split': 2, 'n_estimators': 200}","{'alpha': 0.0001, 'hidden_layer_sizes': (100, 50), 'learning_rate_init': 0.001}"
7,0.8920,0.4632,0.8896,0.4395,0.8908,0.4612,0.8932,0.4651,0.8944,0.4788,20,"F7, F20, F104, F241, F80, F82, F265, F97, F251, F91, F213, F252, F9, F47, F150, F146, F102, F206, F199, F137","{'C': 1, 'gamma': 'scale', 'kernel': 'rbf'}","{'n_neighbors': 3, 'weights': 'distance'}","{'max_depth': 20, 'min_samples_split': 10}","{'max_depth': 20, 'min_samples_split': 5, 'n_estimators': 200}","{'alpha': 0.0001, 'hidden_layer_sizes': (50,), 'learning_rate_init': 0.001}"
8,0.8836,0.4022,0.8860,0.4123,0.8836,0.4000,0.8836,0.4000,0.8836,0.4000,20,"F7, F20, F104, F80, F241, F82, F94, F251, F91, F265, F213, F252, F97, F9, F146, F102, F47, F137, F199, F256","{'C': 10, 'gamma': 'scale', 'kernel': 'rbf'}","{'n_neighbors': 9, 'weights': 'distance'}","{'max_depth': None, 'min_samples_split': 2}","{'max_depth': 20, 'min_samples_split': 2, 'n_estimators': 200}","{'alpha': 0.001, 'hidden_layer_sizes': (50,), 'learning_rate_init': 0.001}"
9,0.8920,0.3873,0.8872,0.3122,0.8920,0.3876,0.8920,0.3891,0.8872,0.3137,20,"F7, F20, F104, F241, F80, F82, F265, F97, F251, F91, F94, F213, F252, F9, F146, F102, F47, F137, F206, F199","{'C': 10, 'gamma': 'scale', 'kernel': 'rbf'}","{'n_neighbors': 9, 'weights': 'distance'}","{'max_depth': None, 'min_samples_split': 5}","{'max_depth': None, 'min_samples_split': 5, 'n_estimators': 100}","{'alpha': 0.001, 'hidden_layer_sizes': (100, 50), 'learning_rate_init': 0.01}"
10,0.9028,0.3693,0.9004,0.3674,0.9016,0.3613,0.8992,0.3572,0.9004,0.3546,20,"F7, F20, F104, F241, F80, F82, F265, F251, F91, F94, F252, F213, F87, F97, F146, F102, F199, F47, F137, F206","{'C': 1, 'gamma': 'scale', 'kernel': 'rbf'}","{'n_neighbors': 9, 'weights': 'distance'}","{'max_depth': None, 'min_samples_split': 2}","{'max_depth': 20, 'min_samples_split': 5, 'n_estimators': 100}","{'alpha': 0.001, 'hidden_layer_sizes': (50,), 'learning_rate_init': 0.001}"
